,Animal,Ding,Ding-dong,"Jingle, tinkle",Music,Music for children,Musical instrument,Ringtone,Speech,Ukulele,youtube_id,Dubstep,Hip hop music,Rapping,Sad music,Tender music,"Violin, fiddle","Wind instrument, woodwind instrument",Bowed string instrument,Flute,Folk music,Music of Bollywood,Traditional music,Acoustic guitar,Bluegrass,Blues,Country,Guitar,Plucked string instrument,Strum,Funk,Rhythm and blues,Soul music,Bass guitar,Effects unit,Electric guitar,"Inside, small room",Background music,Classical music,Electric piano,Keyboard (musical),New-age music,Piano,Grunge,Heavy metal,Progressive rock,Psychedelic rock,Punk rock,Rock and roll,Rock music,Bass drum,Drum,Drum kit,Drum machine,Accordion,Harmonica,Swing music,"Chink, clink",Clang,Singing,Maraca,Music of Africa,Music of Latin America,Rattle (instrument),Salsa music,Glockenspiel,"Marimba, xylophone",Singing bowl,Synthesizer,Vibraphone,Wedding music,Cello,Double bass,Orchestra,Theme music,Distortion,Reverberation,Ambient music,Electronic music,Electronic organ,Flamenco,Soundtrack music,Video game music,Lullaby,Electronica,Techno,Jazz,"Steel guitar, slide guitar",Tapping (guitar technique),Afrobeat,Middle Eastern music,Happy music,Pop music,Reggae,Hum,Scary music,Throbbing,Banjo,Disco,Brass instrument,Harmonic,Exciting music,House music,Trance music,Sampler,Percussion,Timpani,Mandolin,Pizzicato,Zither,Dance music,Electronic dance music,Bagpipes,Harpsichord,Echo,Organ,Scratching (performance technique),Funny music,Mallet percussion,Gong,Theremin,Whale vocalization,Christian music,Christmas music,Jingle (music),Television,Chorus effect,Harp,Electronic tuner,Rimshot,Snare drum,Ska,Filing (rasp),Rub,Sanding,Sawing,Wood,Music of Asia,Song,A capella,Humming,Vocal music,French horn,Trombone,Trumpet,Steelpan,Hammond organ,Clarinet,Saxophone,Bell,Jingle bell,Mantra,Vehicle,Bicycle bell,Glass,Wood block,Tubular bells,Whistle,Whistling,Bicycle,Car,"Outside, urban or manmade",Run,Skateboard,Foghorn,"Wail, moan",Didgeridoo,Insect,String section,Zing,Radio,Carnatic music,Beatboxing,Cymbal,Drum roll,Opera
0,0.020389357581734657,0.023465203121304512,0.19711104035377502,0.03297409415245056,0.7562308311462402,0.05393250286579132,0.03315020725131035,0.10535835474729538,0.06399761885404587,0.032170023769140244,normalize_5s_intro_xhmtXrtLkgo.wav,,,,,,,,,,,,,,,,,,,,,,,,,,,,,,,,,,,,,,,,,,,,,,,,,,,,,,,,,,,,,,,,,,,,,,,,,,,,,,,,,,,,,,,,,,,,,,,,,,,,,,,,,,,,,,,,,,,,,,,,,,,,,,,,,,,,,,,,,,,,,,,,,,,,,,,,,,,,,,,,,,,,,
1,,,,,0.777437686920166,,0.12539902329444885,,0.03657103702425957,,normalize_5s_intro_n4HTXYR-2AI.wav,0.037596315145492554,0.08221206814050674,0.0545671172440052,0.040848590433597565,0.032228659838438034,0.0826820656657219,0.03294937312602997,,,,,,,,,,,,,,,,,,,,,,,,,,,,,,,,,,,,,,,,,,,,,,,,,,,,,,,,,,,,,,,,,,,,,,,,,,,,,,,,,,,,,,,,,,,,,,,,,,,,,,,,,,,,,,,,,,,,,,,,,,,,,,,,,,,,,,,,,,,,,,,,,,,,,,,,,,,,,,
2,,,,,0.8182715177536011,,0.25036758184432983,,,,normalize_5s_intro_hejXc_FSYb8.wav,,,,0.07608315348625183,,0.16570158302783966,0.09177591651678085,0.053305402398109436,0.19734306633472443,0.06185359135270119,0.06521371006965637,0.07281062006950378,,,,,,,,,,,,,,,,,,,,,,,,,,,,,,,,,,,,,,,,,,,,,,,,,,,,,,,,,,,,,,,,,,,,,,,,,,,,,,,,,,,,,,,,,,,,,,,,,,,,,,,,,,,,,,,,,,,,,,,,,,,,,,,,,,,,,,,,,,,,,,,,,,,,,,,,,
3,,,,,0.8814862966537476,,0.38312360644340515,,,,normalize_5s_intro_IYnu4-69fTA.wav,,,,,,0.07110262662172318,,,,,,,0.14401233196258545,0.18754887580871582,0.046306755393743515,0.24778416752815247,0.31064724922180176,0.23187528550624847,0.11050770431756973,,,,,,,,,,,,,,,,,,,,,,,,,,,,,,,,,,,,,,,,,,,,,,,,,,,,,,,,,,,,,,,,,,,,,,,,,,,,,,,,,,,,,,,,,,,,,,,,,,,,,,,,,,,,,,,,,,,,,,,,,,,,,,,,,,,,,,,,,,,,,,,,,,
4,,,,,0.8570550680160522,,0.17632514238357544,,0.05196985602378845,,normalize_5s_intro_RoeRU5zxkak.wav,,0.04756483808159828,,,,,,,,,,,,,,,0.11177664995193481,0.08038985729217529,0.03784865885972977,0.07883568108081818,0.06579762697219849,0.04354385659098625,,,,,,,,,,,,,,,,,,,,,,,,,,,,,,,,,,,,,,,,,,,,,,,,,,,,,,,,,,,,,,,,,,,,,,,,,,,,,,,,,,,,,,,,,,,,,,,,,,,,,,,,,,,,,,,,,,,,,,,,,,,,,,,,,,,,,,,,,,,,,,,
5,,,,,0.8535553812980652,,0.6621424555778503,,,,normalize_5s_intro_JeGhUESd_1o.wav,,,,,,,,,,,,,0.053144603967666626,,,,0.6544458270072937,0.5679665207862854,0.058406949043273926,,,,0.13534362614154816,0.08699303865432739,0.17660295963287354,0.14009490609169006,,,,,,,,,,,,,,,,,,,,,,,,,,,,,,,,,,,,,,,,,,,,,,,,,,,,,,,,,,,,,,,,,,,,,,,,,,,,,,,,,,,,,,,,,,,,,,,,,,,,,,,,,,,,,,,,,,,,,,,,,,,,,,,,,,,,,,,,,,,
6,,,,,0.6952086091041565,,0.1194717288017273,,,,normalize_5s_intro_Ib7m3Qh-4O4.wav,,,,0.053599171340465546,0.04962063953280449,,,,,,,,,,,,,,,,,,,,,,0.043426934629678726,0.03336784616112709,0.32153886556625366,0.250607967376709,0.04346121847629547,0.3342847228050232,,,,,,,,,,,,,,,,,,,,,,,,,,,,,,,,,,,,,,,,,,,,,,,,,,,,,,,,,,,,,,,,,,,,,,,,,,,,,,,,,,,,,,,,,,,,,,,,,,,,,,,,,,,,,,,,,,,,,,,,,,,,,,,,,,,,,
7,,,,,0.780082106590271,,0.15984784066677094,,,,normalize_5s_intro_gue_crpFdSE.wav,,,,,,,,,,,,,,,,,0.13249889016151428,,,,,,,,,,,,,,,,0.1006208211183548,0.16277772188186646,0.19944457709789276,0.11189813911914825,0.1487034559249878,0.10430147498846054,0.1946576088666916,,,,,,,,,,,,,,,,,,,,,,,,,,,,,,,,,,,,,,,,,,,,,,,,,,,,,,,,,,,,,,,,,,,,,,,,,,,,,,,,,,,,,,,,,,,,,,,,,,,,,,,,,,,,,,,,,,,,,,,,,,,,,,
8,,,,,0.8525667190551758,,0.30976781249046326,,,,normalize_5s_intro_tXvpe2GbUec.wav,,0.08771110326051712,,,,,,,,,,,,,,,,,,,,,,,,,,,0.061526820063591,0.112727090716362,,0.10005147010087967,,,,,,,,0.057049911469221115,0.12430911511182785,0.09054900705814362,0.09408865123987198,,,,,,,,,,,,,,,,,,,,,,,,,,,,,,,,,,,,,,,,,,,,,,,,,,,,,,,,,,,,,,,,,,,,,,,,,,,,,,,,,,,,,,,,,,,,,,,,,,,,,,,,,,,,,,,,,,,,,,,,,,
9,,,,,0.7961295247077942,,0.2989218831062317,,,,normalize_5s_intro_Js2JQH_kt0I.wav,,,,,,0.11769438534975052,,0.053128793835639954,,,,,,,,0.07454396784305573,0.1758643537759781,0.11259856820106506,,,,,,,,,,,,,,,,,,,,,,,,,,0.08018387854099274,0.2958739995956421,0.06610175967216492,,,,,,,,,,,,,,,,,,,,,,,,,,,,,,,,,,,,,,,,,,,,,,,,,,,,,,,,,,,,,,,,,,,,,,,,,,,,,,,,,,,,,,,,,,,,,,,,,,,,,,,,,,,,,,,,,,,,,,,
10,,0.3427536189556122,0.09854238480329514,0.09512914717197418,0.6524744033813477,0.05576512590050697,,0.057920120656490326,0.05501756817102432,,normalize_5s_intro_hjIhCG_nIPA.wav,,,,,,,,,,,,,,,,,,,,,,,,,,,,,,,,,,,,,,,,,,,,,,,0.024918006733059883,0.06197100877761841,0.024095676839351654,,,,,,,,,,,,,,,,,,,,,,,,,,,,,,,,,,,,,,,,,,,,,,,,,,,,,,,,,,,,,,,,,,,,,,,,,,,,,,,,,,,,,,,,,,,,,,,,,,,,,,,,,,,,,,,,,,,,
11,,,,,0.8644087314605713,,0.1714780032634735,,,,normalize_5s_intro_UGTYqTKUl8w.wav,,,,,,,,,,0.05240171402692795,,,,,,,0.0546138621866703,,,,,,,,,,,,,,,,,,,,,,,,,,,,,,,,0.05242560803890228,0.18609696626663208,0.10033290833234787,0.16340677440166473,0.14357317984104156,0.1951347142457962,,,,,,,,,,,,,,,,,,,,,,,,,,,,,,,,,,,,,,,,,,,,,,,,,,,,,,,,,,,,,,,,,,,,,,,,,,,,,,,,,,,,,,,,,,,,,,,,,,,,,,,,,,,,,,,
12,,,,,0.9109629988670349,,0.7882110476493835,,,,normalize_5s_intro_thc1MtNagC8.wav,,,,,,,,,,,,,0.6526194214820862,0.052004314959049225,0.04114358499646187,0.0638049989938736,0.799127995967865,0.6788789629936218,0.4942835569381714,,,,,,0.07908102869987488,,,,,,,,,,,,,,,,,,,,,,,,,,,,,,,,,,,,,,,,,,,,,,,,,,,,,,,,,,,,,,,,,,,,,,,,,,,,,,,,,,,,,,,,,,,,,,,,,,,,,,,,,,,,,,,,,,,,,,,,,,,,,,,,,,,,,,,,,,,,
13,,,,,0.5640392303466797,,0.15698152780532837,,,,normalize_5s_intro_GIulOhzXufc.wav,,,,,,,,,,,,,,,,,,,,,,,,,,,,,0.17818619310855865,0.17926816642284393,,0.15585196018218994,,,,,,,,,,,,,,,,,,,,,,,0.09369806945323944,0.08111110329627991,0.07703715562820435,0.06667528301477432,0.10878785699605942,,,,,,,,,,,,,,,,,,,,,,,,,,,,,,,,,,,,,,,,,,,,,,,,,,,,,,,,,,,,,,,,,,,,,,,,,,,,,,,,,,,,,,,,,,,,,,,,,,,,,,,,,,
14,,,,,0.8680344820022583,,0.36394041776657104,,,,normalize_5s_intro_sjlkxcwhpwA.wav,,,,,,,,,,,,,0.13583451509475708,0.051101554185152054,,0.0803428664803505,0.32014214992523193,0.2511318325996399,0.1248273253440857,,,,,,0.05330631881952286,,,,,,,,,,,,,,,,,,,,,,,,,,,,,,,,,,,0.04596935585141182,,,,,,,,,,,,,,,,,,,,,,,,,,,,,,,,,,,,,,,,,,,,,,,,,,,,,,,,,,,,,,,,,,,,,,,,,,,,,,,,,,,,,,,,,,,,,,,,,,,,,,,,,
15,,,,,0.7612501382827759,,0.32410818338394165,,0.034612853080034256,,normalize_5s_intro_XBTT9tSVsh0.wav,,,,,,,,,,,,,,,,,0.03394796699285507,,,,,,,,,0.04944732040166855,,,0.3211103677749634,0.3674962818622589,,0.33018437027931213,,,,,,,,,0.030552785843610764,,,,,,,,,,,,,,,,,0.04002723470330238,,,,,,,,,,,,,,,,,,,,,,,,,,,,,,,,,,,,,,,,,,,,,,,,,,,,,,,,,,,,,,,,,,,,,,,,,,,,,,,,,,,,,,,,,,,,,,,,,,,,,,,,,,,
16,,,,,0.7877245545387268,,0.1472932994365692,,,,normalize_5s_intro_Oq1n8fUxQZc.wav,,,,,,0.16497544944286346,,0.09560737758874893,,,,,,,,,,,,,,,,,,,0.05798117443919182,0.06752429157495499,,,,,,,,,,,,,,,,,,,,,,,,,,,,,,,,,0.12141533941030502,0.057538747787475586,0.1716403216123581,0.16135314106941223,,,,,,,,,,,,,,,,,,,,,,,,,,,,,,,,,,,,,,,,,,,,,,,,,,,,,,,,,,,,,,,,,,,,,,,,,,,,,,,,,,,,,,,,,,,,,,,,,,,,,
17,,,,,0.8142824769020081,,0.1929081380367279,,0.03976225107908249,,normalize_5s_intro_SgJMnEdtTXA.wav,,,,,,,,,,,,,,,,,0.12157662212848663,0.0763942301273346,0.04551691934466362,,,,,,,,,,,,,,,,0.04706055298447609,,,0.04634542390704155,,,0.06245578080415726,0.0575416274368763,,,,,,,,,,,,,,,,,,,,,,,,,,,,,,,,,,,,,,,,,,,,,,,,,,,,,,,,,,,,,,,,,,,,,,,,,,,,,,,,,,,,,,,,,,,,,,,,,,,,,,,,,,,,,,,,,,,,,,,,,,,
18,,,,,0.928867518901825,,0.7762491106987,,,,normalize_5s_intro_Jg9NbDizoPM.wav,,,,,,,,,,,,,,,,,0.8438135385513306,0.7360931038856506,,,,,0.16697269678115845,0.35428449511528015,0.2867189943790436,0.20222635567188263,,,,,,,,,,,,,,,,,,,,,,,,,,,,,,,,,,,,,,,0.16778115928173065,0.10373951494693756,,,,,,,,,,,,,,,,,,,,,,,,,,,,,,,,,,,,,,,,,,,,,,,,,,,,,,,,,,,,,,,,,,,,,,,,,,,,,,,,,,,,,,,,,,,,,,,,,,,
19,,,,,0.7662392258644104,,0.1209028884768486,,,,normalize_5s_intro_4wgo8K28RNM.wav,,,,,,,,,,,,,,,,,,,,,,,,,,,,,0.16771771013736725,0.23914574086666107,0.06923328340053558,0.17529259622097015,,,,,,,,,,,,,,,,,,,,,,,,,,0.2867824137210846,,,,,,,,,0.2698610723018646,0.12873850762844086,0.045008983463048935,,,,,,,,,,,,,,,,,,,,,,,,,,,,,,,,,,,,,,,,,,,,,,,,,,,,,,,,,,,,,,,,,,,,,,,,,,,,,,,,,,,,,,,,,,,,,,,,
20,,,,,0.824429988861084,,0.7748868465423584,,0.08009753376245499,,normalize_5s_intro_WJs-_T8I74Y.wav,,,,,,,,,,,,,0.5939346551895142,,,0.03802010789513588,0.7918795347213745,0.6905713677406311,0.3702189028263092,,,,,,0.037091098725795746,,,,,,,,,,,,,,,,,,,,,,,,,,,,,,,,,,,,,,,,,,,,,0.035063736140728,,,,,,,,,,,,,,,,,,,,,,,,,,,,,,,,,,,,,,,,,,,,,,,,,,,,,,,,,,,,,,,,,,,,,,,,,,,,,,,,,,,,,,,,,,,,,,,
21,,,,,0.8725992441177368,,0.139811709523201,,,,normalize_5s_intro_EVSuxb6Ywcg.wav,,,,,,,,,,,,,,,,,0.07085516303777695,0.048652928322553635,,,,,,,,,0.041850488632917404,,,,,,,,0.05036526545882225,,,,,,0.045624539256095886,0.051012564450502396,,,,,,,,,,,,,,,,,,,,,,,,,,0.0546567402780056,,,0.042175959795713425,,,,,,,,,,,,,,,,,,,,,,,,,,,,,,,,,,,,,,,,,,,,,,,,,,,,,,,,,,,,,,,,,,,,,,,,,,,,,,,,,,,,,,,,,,,,,,
22,,,,,0.836573600769043,,0.14007042348384857,,,,normalize_5s_intro_6TT_UgrRHq8.wav,,,,0.14429549872875214,0.06725537031888962,0.07788369804620743,,,,,,0.09650888293981552,,,,,,,,,,,,,,,0.11287540942430496,,,,0.10514189302921295,,,,,,,,,,,,,,,,,,,,,,,,,,,,,0.07752923667430878,,,,0.0669366866350174,,,,,,,,,,,,,,,,,,,,,,,,,,,,,,,,,,,,,,,,,,,,,,,,,,,,,,,,,,,,,,,,,,,,,,,,,,,,,,,,,,,,,,,,,,,,,,,,,,,,,
23,,,,,0.8751970529556274,,0.06492860615253448,,,,normalize_5s_intro_2JL_KcEzkqg.wav,,,,0.27194443345069885,0.10042554885149002,,,,,,,,,,,,,,,,,,,,,,0.38930559158325195,,,,0.08750049024820328,0.020565664395689964,,,,,,,,,,,,,,,,,,,,,,,,,,,,,,,,0.1539689600467682,,,,,,,0.09232202917337418,0.025797365233302116,,,,,,,,,,,,,,,,,,,,,,,,,,,,,,,,,,,,,,,,,,,,,,,,,,,,,,,,,,,,,,,,,,,,,,,,,,,,,,,,,,,,,,,,,,,,,
24,,,,,0.7431291937828064,,0.22733184695243835,,,,normalize_5s_intro_zEWSSod0zTY.wav,,,,0.11935226619243622,,0.12904596328735352,,0.11996018141508102,,,,,,,,,,,,,,,,,,,,0.11839693784713745,,0.09941713511943817,,0.193449467420578,,,,,,,,,,,,,,,,,,,,,,,,,,,,,0.13932576775550842,,,,,,,,,,,,0.06159308925271034,,,,,,,,,,,,,,,,,,,,,,,,,,,,,,,,,,,,,,,,,,,,,,,,,,,,,,,,,,,,,,,,,,,,,,,,,,,,,,,,,,,,,,,,,,,,
25,,,,,0.8415084481239319,,0.060749415308237076,,,,normalize_5s_intro_XgwqnGG-pbI.wav,0.04076547175645828,,,,,,,,,,,,,,,,,,,,,,,,,,0.12593050301074982,,,,0.07397601753473282,,,,,,,,,,,,,,,,,,,,,,,,,,,,,,,,,0.0988459587097168,,,,0.0988871306180954,,,0.062422625720500946,,,0.03833110257983208,0.03542429208755493,,,,,,,,,,,,,,,,,,,,,,,,,,,,,,,,,,,,,,,,,,,,,,,,,,,,,,,,,,,,,,,,,,,,,,,,,,,,,,,,,,,,,,,,,,
26,,,,,0.8880554437637329,,0.648902177810669,,,,normalize_5s_intro_7zz-nEVKZdc.wav,,,,,,,,,,,,,0.2610810101032257,,0.15530461072921753,,0.6325975060462952,0.5003471970558167,0.20370115339756012,,,,,,0.13332219421863556,,,,,,,,,,,,,,,,,,,,,,,,,,,,,,,,,,,,,,,,,,,,,,,,,,,0.17964725196361542,0.07930537313222885,,,,,,,,,,,,,,,,,,,,,,,,,,,,,,,,,,,,,,,,,,,,,,,,,,,,,,,,,,,,,,,,,,,,,,,,,,,,,,,,,,,,,,,,
27,,,,,0.9247505068778992,,0.6855109333992004,,,,normalize_5s_intro_ZIiQ1jMqhVM.wav,,,,,,,,,,,,,0.17484398186206818,,,,0.6946688890457153,0.6323687434196472,0.27901941537857056,,,,0.09311361610889435,,0.3424661159515381,,,,,,,,,,,,,,,,,,,,,,,,,,,,,,,,,,,,,,,,,,,0.0424155555665493,,,,,,,,,,0.05329194292426109,,,,,,,,,,,,,,,,,,,,,,,,,,,,,,,,,,,,,,,,,,,,,,,,,,,,,,,,,,,,,,,,,,,,,,,,,,,,,,,,,,,,,,,
28,,,,,0.8437305688858032,,0.06146911159157753,,,,normalize_5s_intro_xc0sWhVhmkw.wav,,,,,,,,,,0.12653665244579315,0.2303958535194397,0.05565093457698822,,,,,,,,,,0.02454128861427307,,,,,,,,,,,,,,,,,,,,,,,,,,,0.03933999687433243,,0.08117019385099411,,,,,,,,,,,,,,,,,,,,,,,,,,,,0.05572415515780449,0.09364529699087143,,,,,,,,,,,,,,,,,,,,,,,,,,,,,,,,,,,,,,,,,,,,,,,,,,,,,,,,,,,,,,,,,,,,,,,,,,,,,,,,,,,,,
29,,,,,0.8227154016494751,,0.03979884088039398,,,,normalize_5s_intro_R1T_SrdQGH8.wav,,0.05770851671695709,,,,,,,,,,,,,,,,,,,0.05792754143476486,,,,,,,,,,,,,,,,,,,,,,,,,,,,0.05769588053226471,,0.225828155875206,,,,,,,,,,,,,,,,,,,,,,,,,,,,0.18070968985557556,,0.032574623823165894,0.03631671518087387,0.07565522193908691,,,,,,,,,,,,,,,,,,,,,,,,,,,,,,,,,,,,,,,,,,,,,,,,,,,,,,,,,,,,,,,,,,,,,,,,,,,,,,,,,,
30,,,,,0.8070147037506104,,0.1805427223443985,,,,normalize_5s_intro_oQ0O2cd1T04.wav,,,,,,,,,,,,,,,,,0.0586453340947628,0.037219516932964325,,0.04210546612739563,,,,,,,,,,,,,,,,,,,,0.043908290565013885,0.08393528312444687,0.06915980577468872,,,,,,,,,,,,,,,,,,,,,,,,,,0.07581058889627457,,,,,,0.04815281182527542,,,,,,,,,,,,,,,,,,,,,,,,,,,,,,,,,,,,,,,,,,,,,,,,,,,,,,,,,,,,,,,,,,,,,,,,,,,,,,,,,,,,,,,,,,,
31,,,,,0.7084780335426331,,0.030591020360589027,,,,normalize_5s_intro_co6WMzDOh1o.wav,,,,,,,,,,,,,,,,,,,,,,,,,,,0.09721491485834122,,,,,,,,,,,,,,,,,,,,,,,,,,,,,,,,,,,,,0.14817631244659424,,,,0.05047299712896347,,,0.08028670400381088,0.17334525287151337,,,,,,,,,,,,0.06327097862958908,0.03631026670336723,0.19731883704662323,,,,,,,,,,,,,,,,,,,,,,,,,,,,,,,,,,,,,,,,,,,,,,,,,,,,,,,,,,,,,,,,,,,,,,,,,,,,,,,
32,,,,,0.8331273794174194,,0.29945704340934753,,0.03225654363632202,0.10759874433279037,normalize_5s_intro_zk04E79riMQ.wav,,,,,,,,,,,,,,,,,0.08282683789730072,0.10951808840036392,,,,,,,,0.030101699754595757,,,,0.03913586586713791,,0.03486918658018112,,,,,,,,,,,,,,,,,,,,,,,,,,,,,,,,,,,,,,,,,,,,,,,,,,,,,,,0.024049770087003708,,,,,,,,,,,,,,,,,,,,,,,,,,,,,,,,,,,,,,,,,,,,,,,,,,,,,,,,,,,,,,,,,,,,,,,,,,,,,,
33,,,,,0.896610677242279,,0.6302940249443054,,,,normalize_5s_intro_g20t_K9dlhU.wav,,,,,,,,,,,,,0.1444164365530014,,,,0.6449471712112427,0.5651612877845764,0.13949419558048248,,,,0.056537728756666183,,0.16805942356586456,0.10450297594070435,,,,,,,,,,,,,,,,,,,,,,,,,,,,,,,,,,,,,,,,,,,,,,,,,,,,0.05338789150118828,,,,,,,,,,,,,,,,,,,,,,,,,,,,,,,,,,,,,,,,,,,,,,,,,,,,,,,,,,,,,,,,,,,,,,,,,,,,,,,,,,,,,,,
34,,,,,0.6991750597953796,,0.541720986366272,,,,normalize_5s_intro_Ws-QlpSltr8.wav,,,,,,,0.0676237940788269,0.07565528899431229,,,,,0.2246289998292923,,,,0.4912760853767395,0.3737145662307739,0.07666856050491333,,,,,,,,,,,,,,,,,,,,,,,,,0.07653568685054779,0.3289260268211365,,,,,,,,,,,,,,,,,,,,,,,,,,,,,,,,,,,,,,,,,,,,,,,,,,,,,,,,,,,,,,,,,,,,,,,,,,,,,,,,,,,,,,,,,,,,,,,,,,,,,,,,,,,,,,,,,,,,,,,,
35,,,,,0.7356798052787781,,0.14519758522510529,,0.035828713327646255,,normalize_5s_intro_STpRa2JPFA0.wav,,,,,,0.07070315629243851,,0.14871545135974884,,,,,,,,,,,,0.03490633890032768,,,,,,,,,,,,,,,,,,,,,,,,,,0.052581850439310074,,,,,,,,,,,,,,,0.16825033724308014,0.20381630957126617,,,,,,,,,,,,,,,,,,,,,,,,,,0.03656330332159996,,,,,,,,,,,,,,,,,,,,,,,,,,,,,,,,,,,,,,,,,,,,,,,,,,,,,,,,,,,,,,,,,,,,,,,,,,,,,
36,,,,,0.8263754844665527,,0.32546451687812805,,,,normalize_5s_intro_IN1f9k8qVDk.wav,,,,,,,,,,,,,,,0.090824656188488,0.08463723957538605,0.20287364721298218,0.1313341110944748,,,,,,,,,,,,,,,,,,0.06551197171211243,,,,,,,,,,0.1702928990125656,,,,,,,,,,,,,,,,,,,,,,,,,,,,,,0.07883992791175842,,,,,,,,,,,,,0.05166516825556755,,,,,,,,,,,,,,,,,,,,,,,,,,,,,,,,,,,,,,,,,,,,,,,,,,,,,,,,,,,,,,,,,,,,,,,,,,,,
37,,,,,0.8633639216423035,,0.8982105851173401,,0.01644371822476387,,normalize_5s_intro_VVRszjvg3_U.wav,,,,,,,,,,,,,,,,,,,,,,,,,,0.05261857435107231,,0.03880404308438301,0.675005316734314,0.8551783561706543,,0.7792428135871887,,,,,,,,,,,,,,,,,,,,,,,,,,0.044441331177949905,,,,,,,,,,,,,,,,,,,,,,,,,,,,,,,,0.023893538862466812,,,,,,,,,,,,,,,,,,,,,,,,,,,,,,,,,,,,,,,,,,,,,,,,,,,,,,,,,,,,,,,,,,,,,,,,,,,
38,,,,,0.925442636013031,,0.1072864904999733,,,,normalize_5s_intro_Z5gvqq3ChII.wav,,,,,,,,,,,,,,,,,,,,,,,,,,,,,,,,,,,,,,,,,,,,,,,,,,,,,,,,,,,,,,,,,,,,0.3591148257255554,,,0.10449767112731934,,,0.09607919305562973,0.3455970883369446,,,,,,,,,,,,,0.09340442717075348,,,0.08082474768161774,0.08046264201402664,0.1541241854429245,,,,,,,,,,,,,,,,,,,,,,,,,,,,,,,,,,,,,,,,,,,,,,,,,,,,,,,,,,,,,,,,,,,,,,,,
39,,,,,0.7641249299049377,,0.25369760394096375,,,,normalize_5s_intro_KT-m6qTJyN0.wav,,,,,,0.04939910024404526,0.10288363695144653,,,,,,,,0.06992057710886002,,0.08597615361213684,0.05149594694375992,,,,,,,,,,,,,,,,,,,,,,,,,,0.1307867020368576,0.474229097366333,0.062034595757722855,,,,,,,,,,,,,,,,,,,,,,,,,,,,,,,,,,,,,,,,,,,,,,,,,,,,,,,,,,,,,,,,,,,,,,,,,,,,,,,,,,,,,,,,,,,,,,,,,,,,,,,,,,,,,,,,,,,,,,,
40,,,,,0.8621688485145569,,0.14634637534618378,,,,normalize_5s_intro_dvf--10EYXw.wav,0.12966300547122955,,,,,,,,,,,,,,,,,,,,,,,,,,,,,0.12124618142843246,,,,,,,,,,,,,,,,,,,,,,,,,,,,0.26193705201148987,,,,,,,,,,0.3506196141242981,,,,,,0.10882110148668289,0.07896790653467178,,,,,,,,,,,0.07731525599956512,,,,,,,,0.10013661533594131,,,,,,,,,,,,,,,,,,,,,,,,,,,,,,,,,,,,,,,,,,,,,,,,,,,,,,,,,,,,,,,,,,,,,,,
41,,,,,0.8530734181404114,,0.2767024338245392,,0.10849744826555252,,normalize_5s_intro_RLMl1umHgp0.wav,,,,,,,,,,,,,,,,,0.1278868168592453,0.10560716688632965,,,,,,,,,,,,,,,,,,,,,,,0.0397196039557457,,,,,,,,,0.03493286669254303,0.09630055725574493,,,,,,,,,,,,,,,,,,,,,,,,,,,,0.07793289422988892,,,,0.04752791300415993,,,,,,,,,,,,,,,,,,,,,,,,,,,,,,,,,,,,,,,,,,,,,,,,,,,,,,,,,,,,,,,,,,,,,,,,,,,,,,,,,,
42,,,,,0.8904133439064026,,0.42582523822784424,,,,normalize_5s_intro_O2q_9lBDM7I.wav,,,,,,,,,,,,,0.05122944340109825,,0.08018713444471359,,0.42684808373451233,0.3073233664035797,0.08421406149864197,,,,,,0.14972347021102905,,,,,,,,,,,0.05282293260097504,,,,,,,,,,,,,,,,,,,,,,,,,,,,,,,,,,,,,,,,,0.08620376884937286,,,,,,,,,,,,,,,,,,,,,,,,,,,,,,,,,,,,,,,,,,,,,,,,,,,,,,,,,,,,,,,,,,,,,,,,,,,,,,,,,,,,,,,,
43,,,,,0.8874284029006958,,0.140626922249794,,,,normalize_5s_intro_0uLI6BnVh6w.wav,,,,,,,,,,,,,,,,,,,,,,,,,,,0.10572299361228943,,,,,,,,,,,,,,,,,,,,,,,,,,,,,,,,,,,,,0.1549956053495407,,,,,,,0.09348175674676895,0.05020477995276451,,,,,,,,,,,,,0.04323764517903328,,,,,,0.045222118496894836,,,,0.045084282755851746,0.19385550916194916,,,,,,,,,,,,,,,,,,,,,,,,,,,,,,,,,,,,,,,,,,,,,,,,,,,,,,,,,,,,,,,,,,,,,
44,,,,,0.6991575360298157,,0.12627077102661133,,,,normalize_5s_intro_WrDJMxSKlCA.wav,,,,,,,,0.05047553405165672,,,,,0.05114283412694931,,,,0.08510415256023407,0.07413846999406815,,,,,,,,,0.04325408115983009,,,,,,,,,,,,,,,,,,,,,,,,,,,,,,,,,,,,,,,,,,,,,,,,,,,,,,,,,,,,,,,,,,,,,,0.1458483636379242,0.07640507817268372,0.12070158869028091,,,,,,,,,,,,,,,,,,,,,,,,,,,,,,,,,,,,,,,,,,,,,,,,,,,,,,,,,,,,,,,,,,
45,,,,,0.9227917790412903,,0.05170973017811775,,,,normalize_5s_intro_BEo0rqOZIng.wav,0.05326353386044502,,,,,,,,,,,,,,,,,,,,,,,,,,,,,,,,,,,,,,,,,,,,,,,,,,,,,,,,,,,,,,,,,,,0.36254599690437317,,,,,,0.139286607503891,0.29633909463882446,,,,,,,,,,,,,,,,,0.15890531241893768,0.09392683953046799,,,,,,,0.0778714269399643,0.18386010825634003,,,,,,,,,,,,,,,,,,,,,,,,,,,,,,,,,,,,,,,,,,,,,,,,,,,,,,,,,,,,,,,,
46,,,,,0.8430923819541931,,0.5694889426231384,,,,normalize_5s_intro_Yh78Ll6-ODQ.wav,,,,,,,,,,,,,,,,,0.43458566069602966,0.4312930405139923,0.11581834405660629,,,,,,0.18002457916736603,,,,,0.06552202254533768,,,,,,,,,,,,,,,,,,,,,,,,,,,,,,,,,,,,,,,,,,,,,,,,0.11053095757961273,,,,,,,,,,,,,,,,,,,,,,,,0.12872590124607086,0.05381641909480095,,,,,,,,,,,,,,,,,,,,,,,,,,,,,,,,,,,,,,,,,,,,,,,,,,,,,,,,,,,,,,
47,,,,,0.8781749606132507,,0.3240976631641388,,,,normalize_5s_intro_5FYAICvv-d0.wav,0.11832765489816666,,,,,,,,,,,,,,,,0.1772923618555069,0.12169826775789261,0.0436350516974926,0.053197380155324936,,,,,,,,,,,,,,,,,,,,,0.05349056050181389,0.05049578472971916,,,,,,,,,,,,,,,,,,,,,,,,,,0.14919257164001465,,,,,,,,,,,,,,,,,,,,,,,,,,,,,,,,,,,,,,,,,,,,,,,,,,,,,,,,,,,,,,,,,,,,,,,,,,,,,,,,,,,,,,,,,,,,,,,,,
48,,,,,0.7335570454597473,,0.23445913195610046,,,,normalize_5s_intro_6pARjpdqxYQ.wav,,,,,,,,,,,,,,,,,0.11337150633335114,0.06378845125436783,,,,,,0.039081819355487823,,,,,,0.039731428027153015,,,,,,,,,,,,,,,,,,,,,,,,,,,,,,,,,,,,0.037195175886154175,0.4326978623867035,,,,,,,,,,,,,,,,,,,,,,,,,,,,,,,,,,,,,0.053193993866443634,0.03643781691789627,,,,,,,,,,,,,,,,,,,,,,,,,,,,,,,,,,,,,,,,,,,,,,,,,,,,,,,,,,,,
49,,,,,0.8119956254959106,,0.4748903214931488,,,,normalize_5s_intro_w1G3rqVil1s.wav,,,,,,,,0.09023291617631912,,,,,0.210157111287117,,0.16597731411457062,0.13598421216011047,0.45778101682662964,0.3497823178768158,0.1157560795545578,,,,,,,,,,,,,,,,,,,,,,,,,,,,,,,,,,,,,,,,,,,,,,,,,,,,,,,,,,0.0948105975985527,,,,,,,,,,,,,,,,,,,,,,,,,,,,,,,,,,,,,,,,,,,,,,,,,,,,,,,,,,,,,,,,,,,,,,,,,,,,,,,,,,,,,,,,
50,,,,,0.8654654622077942,,0.46114543080329895,,,,normalize_5s_intro_3DCHLwOqtJs.wav,,,,,,0.10948800295591354,,,,,,,0.19517882168293,0.12209867686033249,,0.14411857724189758,0.4474920332431793,0.35929039120674133,0.09216229617595673,,,,,,,,,,,,,,,,,,,,,,,,,,,,,,,,,,,,,,,,,,,,,,,,,,,0.08932201564311981,,,,,,,,,,,,,,,,,,,,,,,,,,,,,,,,,,,,,,,,,,,,,,,,,,,,,,,,,,,,,,,,,,,,,,,,,,,,,,,,,,,,,,,,,,,,,,,
51,,,,,0.8839694857597351,,0.11742903292179108,,0.03892611712217331,,normalize_5s_intro_nISI4qF55F4.wav,0.03207002952694893,0.04925207048654556,,,,,,,,,,,,,,,,,,,,,,,,,,,,,,,,,,,,,,,0.05965675786137581,0.03945660591125488,,,,,,,,,,,,,,,,,,,,,,,,,,0.06899300962686539,,,,,,,,,,,,,,,,,,,,,,,,,,,0.046032048761844635,,,,,,,,,,,0.05273222550749779,,,,,,,,,,,,,,,,,,,,,,,,,,,,,,,,,,,,,,,,,,,,,,,,,,,,,,,,,,,
52,,,,,0.9090502262115479,,0.12209823727607727,,,,normalize_5s_intro_XJT-fM4nBJU.wav,,,,,,,,,,,,,,,,,,,,,,,,,,,,,,,,,,,,,,,,,,,,,,0.04290049895644188,,,,,0.11371611058712006,0.08340773731470108,,0.17672009766101837,,,,,,,,,,,,,,,,,0.042201876640319824,,,,,0.03990945965051651,,,,,0.06209331378340721,,,,,,,,,,,,,,,,,,,,,,,,,,0.13566987216472626,,,,,,,,,,,,,,,,,,,,,,,,,,,,,,,,,,,,,,,,,,,,,,,,,,,,,,,,,,
53,,,,,0.8647090196609497,,0.08117460459470749,,0.07384642213582993,,normalize_5s_intro_hjZqVw3qI9E.wav,,,,,,,,,,0.03306412696838379,0.04512176290154457,,,,,,0.03539147600531578,0.029241599142551422,,,,0.041683319956064224,,,,,,,,,,,,,,,,,,,,,,,,,,,0.03908370062708855,,,,,,,,,,,,,,,,,,,,,,,,,,,,,,,0.04179497808218002,,,,,,,,,,,,,,,,,,,,,,,,,,,,,,,,,,,,,,,,,,,,,,,,,,,,,,,,,,,,,,,,,,,,,,,,,,,,,,,,,,,,,
54,,,,,0.8148855566978455,,0.13750842213630676,,,,normalize_5s_intro_oxKbrl4kyg8.wav,,,,,,,,,,,,,,,,,,,,,,,,,,,0.04961301013827324,,0.165861114859581,0.21375809609889984,0.08058849722146988,0.1764218658208847,,,,,,,,,,,,,,,,,,,,,,,,,,0.13991937041282654,,,,,,,,,0.08392702043056488,0.06073886156082153,,,,,,,,,,,,,,,,,,,,,,,,,,,,,,,,,,,,,,,,,,,,,,,,,,,,,,,,,,,,,,,,,,,,,,,,,,,,,,,,,,,,,,,,,,,,,,,,,
55,,,,,0.7180576324462891,,0.1782337725162506,,,,normalize_5s_intro_2F8Kr91wQ0U.wav,,,,,,,,,,,,,,,,,0.10810249298810959,0.09297562390565872,,,,,,0.024537282064557076,,0.0730731412768364,,,,,,,,,,,,,,,,,,,,,,,,,,,,,0.2398957908153534,0.21331675350666046,,,0.024748681113123894,,,,,,,,,,,,,,,,,,,,,,,,,,,,,,,,,,,,,,,,,,,,,,,,,0.17940422892570496,,,,,,,,,,,,,,,,,,,,,,,,,,,,,,,,,,,,,,,,,,,,,,,,,,,,,,,,,
56,,,,,0.7749609351158142,,0.14457419514656067,,0.03468742221593857,,normalize_5s_intro_1lunUbvf35M.wav,,0.04084283858537674,,,0.03984396532177925,,,,,,,,,,,,0.03470354154706001,0.041768595576286316,,,0.04036956652998924,,,,,,,,,,0.030552418902516365,,,,,,,,,,0.0317705012857914,,,,,,,,,,,,,,,,,,,,,,,,,,,,,,,,,,,,,,,,,,,,,,,,,,,,,,,,,,,,,,,,,,,,,,,,,,,,,,,,,,,,,,,,,,,,,,,,,,,,,,,,,,,,,,,,,,,,,,,,,,,,
57,,,,,0.6739423871040344,,0.028705330565571785,,0.02892007865011692,,normalize_5s_intro_D4nWzd63jV4.wav,,,,,,,,,,,,,,,,,,,,,,,,,,,,,,,0.07823532074689865,,,,,,,,,,,,,,,,,,,,,,,,,,0.4020805358886719,,,,,,,,,,0.24705685675144196,0.01306106336414814,,,,,,,,,,,,,,,,,,,,,,,,,,,,,,,,,,,,,,,,,0.039599813520908356,0.01597936823964119,0.018489118665456772,,,,,,,,,,,,,,,,,,,,,,,,,,,,,,,,,,,,,,,,,,,,,,,,,,,,,,
58,,,,,0.7933302521705627,,0.026175137609243393,,,,normalize_5s_intro_hed6HkYNA7g.wav,,,,,,,,,,0.06707409769296646,0.3338034152984619,,,,,,,,,,,0.037240248173475266,,,,,,,,,,,,,,,,,,,,,,,,0.09252353757619858,,,,,,,,,0.021877028048038483,0.04579745978116989,,,,,,,,,,,,,,,,,,,,,,,,0.0722743570804596,,,,,,,,,,,,,,,,,,,,,,,,,,,0.02400197461247444,,,,,,,,,,,,,,,,,,,,,,,,,,,,,,,,,,,,,,,,,,,,,,,,,,,,,,,,,,
59,,,,,0.9158762693405151,,0.36406394839286804,,0.1339777559041977,,normalize_5s_intro_1kN-34GFMYM.wav,,,,,,,,,,,,,0.07943816483020782,0.052530430257320404,,0.07125581800937653,0.3455820679664612,0.29846450686454773,0.07770436257123947,,,,,,0.06767787039279938,,,,,,,,,,,,,,,,,,,,,,,,,,,,,,,,,,,,,,,,,,,,,,,,,,,,,,,,,,,,,,,,,,,,,,,,,,,,,,,,,,,,,,,,,,,,,,,,,,,,,,,,,,,,,,,,,,,,,,,,,,,,,,,,,,,,,,,,,,,,
60,,,,,0.8636098504066467,,0.15566332638263702,,,,normalize_5s_intro_VlWs8ey2nyg.wav,,,,,,0.06304176151752472,,,,0.10077664256095886,,0.0737791433930397,,,,,0.03892246261239052,0.03833148255944252,,,,,,,,,,,,,,,,,,,,,,,,,,,,,,,,,,,,,,,,,,,,,,,,,,,,,0.043827079236507416,,,,,,,,,0.052775461226701736,,,,,,,,,,,,,,,,,,0.04125421866774559,,,,,,,,,,,,,,,,,,,,,,,,,,,,,,,,,,,,,,,,,,,,,,,,,,,,,,,,,,,,,,,,,,,
61,0.01856919750571251,,,,0.6378284692764282,0.031694769859313965,0.029675625264644623,,0.09189777076244354,,normalize_5s_intro_j1c70vRHdhQ.wav,,,,,,,,,,,,,,,,,,,,,,,,,,,,,,,,,,,,,,,,,,,,,,,,,0.016244996339082718,,,,,,,,,,,,,,,,,,,,,,,,,,,,,,,,,,,,,,,,,,,,,,,,,,,,,,,,,,,,,,,0.017892993986606598,0.024576447904109955,0.017215728759765625,0.013542101718485355,,,,,,,,,,,,,,,,,,,,,,,,,,,,,,,,,,,,,,,,,,,,,,,,,,
62,,,,,0.9168948531150818,,0.7867832779884338,,,0.06599950790405273,normalize_5s_intro_1juIFmPyG-Y.wav,,,,,,0.15989752113819122,,0.09724856168031693,,,,,0.06856005638837814,,,,0.3382708430290222,0.4925841689109802,,,,,,,,,,,,,,,,,,,,,,,,,,,,,,,,,,,,,,,,,,,,,,,,,,,,,,,,,,,,,,,,,,,,,,,,,,,,,,,0.13416287302970886,0.06554093956947327,,,,,,,,,,,,,,,,,,,,,,,,,,,,,,,,,,,,,,,,,,,,,,,,,,,,,,,,,,,,,,,,,,,
63,,,,,0.8173486590385437,,0.26562973856925964,,,,normalize_5s_intro_Qr8eZSVaw10.wav,,,,,,,,,,,,,,,,,0.25320035219192505,0.14801165461540222,,,,,,0.49851685762405396,,0.08523929864168167,,,,,,,,,,,,,,,,,,,,,,,,,,,,,,,,,,,,,,,0.18673881888389587,0.08322249352931976,,,,,,,,,,,,,,,,,,,,,,,,,,,,,,,,,,,,,,0.14029334485530853,,,,,,,,,,,,0.16352953016757965,,,,,,,,,,,,,,,,,,,,,,,,,,,,,,,,,,,,,,,,,,,,,,,,,
64,,,,,0.9267691373825073,,0.12357178330421448,,,,normalize_5s_intro_TzhhbYS9EO4.wav,,,,,,,,,,0.08542009443044662,0.07023429125547409,,,,,,,,,,,,,,,,,,,,,,,,,,,,,,,,,,,,,,,,,,,,,,,,,,,,,,,,,0.10798957943916321,,,0.06275245547294617,,,,,,,,,0.09942012280225754,,,,,,,,0.0912901759147644,,,,,,,,,,,,0.06777031719684601,,,,,,,0.060074251145124435,,,,,,,,,,,,,,,,,,,,,,,,,,,,,,,,,,,,,,,,,,,,,,,,,,,,,,,,,,
65,,,,,0.7968189120292664,,0.5967977046966553,,,,normalize_5s_intro_a8cJLohQ_Jg.wav,,,,,,,,,,,,,0.20132388174533844,,,,0.45037633180618286,0.45410311222076416,0.10741683095693588,,,,,,,,,,,,,,,,,,,,,,,,,,,,,,,,,,,,,,,,,,,,,,,,,,,,,,,,,,,,,,,,,,,,,,,,,,,,,,0.21703846752643585,0.1956474781036377,0.10239773988723755,,,,,,,,,,,,,,,,,,0.10220586508512497,,,,,,,,,,,,,,,,,,,,,,,,,,,,,,,,,,,,,,,,,,,,,,,,
66,,,,,0.7955208420753479,,0.5407063961029053,,,,normalize_5s_intro_Xhh3_-JRnDc.wav,,,,,,,,,,,,,0.27512216567993164,,,,0.555423378944397,0.5132489204406738,0.11077820509672165,,,,0.04733140766620636,,0.06272533535957336,0.10259049385786057,,,,,,,,,,,,,,,,,,,,,,,,,,,,,,,,,,,,,,,,,,,,,,,,,,,,,,,,,,,,,,,,,,,,,,,,,,,,,,,,,,,,,,,,,,,,0.14874212443828583,,,,,,,,,,,,,,,,,,,,,,,,,,,,,,,,,,,,,,,,,,,,,,,
67,,,,,0.7289712429046631,,0.35435983538627625,,,,normalize_5s_intro_72T4j04MS8o.wav,,,,,,,,,,,,,,,,,0.26670071482658386,0.15553656220436096,,,,,,,,,,,,,,,,,,,,,,0.20121584832668304,0.3220585286617279,0.3978460431098938,,,,,,,,,,,,,,,,,,,,,,,,,,,,,,,,,,,,,,,,,,,,,,,,,,,,,0.14795099198818207,,,,,,,,,,,,,,,,,,,,,,,,0.18768839538097382,0.19276535511016846,,,,,,,,,,,,,,,,,,,,,,,,,,,,,,,,,,,,,,,,,,,,,
68,,,,,0.9111995697021484,,0.05701880156993866,,,,normalize_5s_intro_bd5m12UEHWI.wav,,,,,,,,,,,,,,,,,,,,,,,,,,,,,,,,,,,,,,,,,,,,,,,,,,0.04509871453046799,0.25090768933296204,0.12593786418437958,,0.18376955389976501,,,,,,,,,,,,,,,,,0.043597277253866196,,,,,,,,0.12479016929864883,,,,,,,,,,,,,,,,,,,,,0.039932992309331894,,,,,,,0.06251119822263718,,,,,,,,,,,,,,,,,,,,,,,,,,,,,,,,,,,,,,,,,,,,,,,,,,,,,,,,,,
69,,,,,0.7814329862594604,,0.23690246045589447,,,,normalize_5s_intro_VAc0xuVa7jI.wav,,,,,,,,,,0.0723303034901619,,,0.07893713563680649,,,,0.14604170620441437,0.14894558489322662,,,,,,,,,,,,,,,,,,,,,,,,,,,,,,,,,,,,,,,,,,,,,,,,,,,,0.09352689981460571,,,,,,,,,,,,,,,,,,,,,,,,,,,0.10557330399751663,0.11266005039215088,0.19684672355651855,,,,,,,,,,,,,,,,,,,,,,,,,,,,,,,,,,,,,,,,,,,,,,,,,,,,,,,,,,,,,,,,,,
70,,,,,0.8161114454269409,,0.18159614503383636,,,,normalize_5s_intro_PCp2iXA1uLE.wav,,,,,,,,,,,,,,,,,0.16418392956256866,0.11394700407981873,,,,,,,,,,,,,,,,0.07952690124511719,0.13954827189445496,0.14593647420406342,0.07126132398843765,0.1337650716304779,0.13326965272426605,,,,,,,,,,,,,,,,,,,,,,,,,,,,,,,,,,,,,,,,,,,,,,,,,,,,,,,,,,,,,,,,,,,,,,,,,,,,,,,,,,,,,,,,,,,,,,,,,,,,,,,,,,,,,,,,,,,,,,,,,,,,,,
71,,,,,0.798441469669342,,0.715453028678894,,,,normalize_5s_intro_dtOv6WvJ44w.wav,,,,,,,,,,,,,0.42620450258255005,,,,0.7252522110939026,0.6486908793449402,0.20440946519374847,,,,,,,,,,,,,,,,,,,,,,,,,,,,,,,,,,,,,,,,,,,,,,,,,,,0.19475437700748444,,,,,,,,,,,,,,,,,,,,,,,,,,,0.27204883098602295,0.07837334275245667,0.21902409195899963,,,,,,,,,,,,,,,,,,,,,,,,,,,,,,,,,,,,,,,,,,,,,,,,,,,,,,,,,,,,,,,,,,
72,,,,,0.9074397683143616,,0.18756380677223206,,,,normalize_5s_intro_CXm7hPs_als.wav,,,,,,,,,,,,,,,,,0.05970077961683273,,,,,,,,,,,,,,,,,,,,,0.0754731222987175,,,,0.04546308517456055,,,,0.05816333740949631,,,,,,,,0.0592796690762043,,,,,,,,,,,,,,,,,0.04977254942059517,,,,,,,,,,,,,,,,,,,,0.053067583590745926,,,,,,,,,,,,,,,,,,,,,,,,,,,,,,0.18916091322898865,,,,,,,,,,,,,,,,,,,,,,,,,,,,,,,,,,,,,,,,,,,,
73,,,,,0.871790885925293,,0.08385246247053146,,,,normalize_5s_intro_bI7xde9-3BI.wav,,,,0.2109290063381195,0.10152772068977356,,,,,,,,,,,,,,,,,,,,,,0.22982019186019897,,,,0.13446356356143951,0.025820737704634666,,,,,,,,,,,,,,,,,,,,,,,,,,,,,,,,0.0790131688117981,,,,0.02110294997692108,,,0.07095412909984589,,,,,,,,,,,,,,,,,,,,,,,,,,,,,,,,,,,,,,,,,,,,,,,,,,,,,,,,,,,,,,,,,,,,,,,,,,,,,,,,,,,,,,,,,,,,,,
74,,,,,0.6972641944885254,,0.18630366027355194,,,,normalize_5s_intro_xQOXxmznGPg.wav,,,,,,,,,,,,,,,,,,,,,,,,,,,,,,0.07444389164447784,,,,,,,,,,,0.1107410117983818,0.07985565066337585,,,,,,,,,,,,,0.1501879245042801,0.2147093564271927,,,0.16634032130241394,,,,,,,,,,,,,,,,,,,,,,,,,,,,,,,,,,,,0.1777534782886505,,,,,,,,,,,,,0.13310979306697845,,,,,,,,,,,,,,,,,,,,,,,,,,,,,,,,,,,,,,,,,,,,,,,,,,,,,,,,,
75,,,,,0.7336763739585876,,0.18578200042247772,,,,normalize_5s_intro_WrRAZVJGImw.wav,,,,,,0.04807724803686142,,0.17193888127803802,,,,,,,,,0.05899021029472351,0.05034135654568672,,,,,,,,,,,,,,,,,,,,,,,,,,,,,,,,,,,,,,,,,,,0.17952322959899902,0.23267069458961487,,,,,,0.048731669783592224,,,,,,,,,,,,,,,,,,,,,,,,,,,,,,0.047599274665117264,,,,,,,,,,,,,,,,,,,,,,,,,,,,,,,,,,,,,,,,,,,,,,,,,,,,,,,,,,,,,,,,,,,
76,,,,,0.7296279072761536,,0.09649737924337387,,,,normalize_5s_intro_DGsoqhIUgDQ.wav,,,,,,,,0.05968073010444641,,,,,,,,,,,,,,,,,,,0.038370635360479355,,,,,,,,,,,,,,,,,,,,,,,,,,,,,,,,,,0.06074705719947815,0.050828851759433746,,0.04148412123322487,,,,,,,,,,,,,,,,,,,,,0.05505138263106346,,,,,,,,,,,0.2732456624507904,,0.03323567658662796,,,,,,,,,,,,,,,,,,,,,,,,,,,,,,,,,,,,,,,,,,,,,,,,,,,,,,,,,,,,,,,,,,,
77,,,,,0.692044734954834,,0.14241577684879303,,0.06720463931560516,0.06818392872810364,normalize_5s_intro_eXvBjCO19QY.wav,,,,,,,,,,,,,,,,,0.08809781819581985,0.10813594609498978,,,,,,,,,,,,,,,,,,,,,,,,,,,,,,,0.081357941031456,,,,,,,,,,,,,,,,,,,,,,,,,,,,,,,,,,,,,,0.14044983685016632,,,,,,,,,,0.209257110953331,,0.07524092495441437,,,,,,,,,,,,,,,,,,,,,,,,,,,,,,,,,,,,,,,,,,,,,,,,,,,,,,,,,,,,,,,,,,
78,,,,,0.863659679889679,,0.11626168340444565,,0.03705287724733353,,normalize_5s_intro_hn3wJ1_1Zsg.wav,,,,,,0.04002982750535011,,,,0.11963853240013123,0.2501099109649658,0.0437016487121582,,,,,0.04568275064229965,0.03962700814008713,,,,,,,,,,,,,,,,,,,,,,,,,,,,,,,,,,,,,,,,,,,,,,,,,,,,,,,,,,,,,,0.1016722321510315,,,,,,,,,,,,,,,,,,,,,,,,,,,,,,,,,,,,,,,,,,,,,,,,,,,,,,,,,,,,,,,,,,,,,,,,,,,,,,,,,,,,,
79,,,,,0.7422133684158325,,0.29657623171806335,,,,normalize_5s_intro_p7j-tz1Cn4o.wav,,,,,,,,,,,,,,,,,,,,,,,,,,,,,0.14423203468322754,0.2871914505958557,,0.35903212428092957,,,,,,,,,,,,,,,,,,,,,,,0.08261223137378693,0.0998406782746315,,,0.08951021730899811,,,,,,,,,,,,,,0.07413104176521301,,,,,,,,,,,,,,,,,,,,,,,,,,,,,,,,,,,0.06566537171602249,,,,,,,,,,,,,,,,,,,,,,,,,,,,,,,,,,,,,,,,,,,,,,,,,,,,,,,,,
80,,,,,0.9069015383720398,,0.7794891595840454,,,,normalize_5s_intro_BrrWNfjgHGs.wav,,,,,,0.14334067702293396,,0.12804058194160461,,,,,0.39319756627082825,,,,0.7445462942123413,0.6755625009536743,0.28296610713005066,,,,0.06392720341682434,,0.12676747143268585,,,,,,,,,,,,,,,,,,,,,,,,,,,,,,,,,,,,,,,,,,,,,,,,,,,,,,,,,,,,,,,,,,,,,,,,,,,,,,,,,,,,,,,,,,,,,,,,,,,,,,,,,,,,,,,,,,,,,,,,,,,,,,,,,,,,,,,,,,,,
81,,,,,0.320739209651947,,0.06368578225374222,,,,normalize_5s_intro_0aC-jOKuBFE.wav,,,,,,,,,,,,,,,,,,,,,,,,,,,,,,,,,,,,,,,,,,,,,,,,,,0.040090154856443405,,,,0.03801259398460388,,,,,,,,,,,,,,,,,,,,,,,,,,,,,,,,,,,,,,,,,0.03567010164260864,,,,,,,,,,,,,,,,,,,,,,,,,,,0.060826901346445084,0.6244719624519348,0.2344920039176941,0.036932505667209625,0.16938605904579163,,,,,,,,,,,,,,,,,,,,,,,,,,,,,,,,,,,,,,,
82,,,,,0.861448347568512,,0.37616145610809326,,0.10075240582227707,,normalize_5s_intro_E-8pyVBvCPQ.wav,,,,,,,,,,,,,0.09609993547201157,,,,0.42362475395202637,0.3685378432273865,,,,,,0.0874876007437706,0.11943510919809341,0.12247318774461746,,,,,,,,,,,,,,,,,,,,,,,0.145302876830101,,,,,,,,,,,,,,,,,,,,,,,,,,,,,,,,,,,,,,,,,,,,,,,,,,,,,,,,,,,,,,,,,,,,,,,,,,,,,,,,,,,,,,,,,,,,,,,,,,,,,,,,,,,,,,,,,,,,
83,,,,,0.8931848406791687,,0.03642284497618675,,,,normalize_5s_intro_u8BxVzRG9bE.wav,,,,,,,,,,0.02961326204240322,0.38924306631088257,,,,,,,,,,,,,,,,,,,,,,,,,,,,,,,,,,,,,,0.19492760300636292,,,,,,,,,,,,,,,,,,,0.041175726801157,,,,,,,,,,,,0.02750338427722454,,0.04300942271947861,,,,,,,,,,,,,,,,,,,,,,,,,,,,,,,,,,,,,,,,,,,,,0.05543198809027672,0.04312150180339813,,,,,,,,,,,,,,,,,,,,,,,,,,,,,,,,,,,,,
84,,,,,0.8197889924049377,,0.31884416937828064,,,,normalize_5s_intro_2ySLmwsfP4Q.wav,,,,,,,,,,,,,,,,,0.06790905445814133,0.05020946264266968,,,,,,,,,,,0.21626624464988708,0.23904965817928314,,0.158222958445549,,,,,,,,,,,,,,,,,,,,,,,,,,,,,,,,,,,,,0.06200183182954788,,,,,,,,,,,,,,,,,,,,,,,,,,,,,,,,,,0.09534615278244019,,0.05877399817109108,,,,,,,,,,,,,,,,,,,,,,,,,,,,,,,,,,,,,,,,,,,,,,,,,,,,,,,,,,,,
85,,,,,0.8698879480361938,,0.11584857106208801,,,,normalize_5s_intro_C7u6rtswjCU.wav,,,,,,,,,,,,,,,,,,,,,,,,,,,0.08223065733909607,,,0.03920772299170494,,,,,,,,,,,,,,,,,,,,,,,,,,,,,,,,,,0.11595549434423447,,,,0.12042614817619324,,,0.13889849185943604,0.3200237452983856,,,0.046265918761491776,,,,,,,,,,,,,,,,,,,,,,,,,,,,,,,,0.04572860151529312,,,,,,,,,,,,,,,,,,,,,,,,,,,,,,,,,,,,,,,,,,,,,,,,,,,,,,,,,,
86,,,,,0.7905644178390503,,0.11148209869861603,0.085428886115551,0.029777852818369865,,normalize_5s_intro_h-nnAeByB1A.wav,,,,,,,,,,,,,,,,,,,,,,,,,,0.02103806473314762,,,,,,,,,,,,,,,,,,,,,,,,,,,,,0.18789973855018616,0.3615413010120392,,,0.13671299815177917,,,,,,,,,,,,,,,,,,,,,,,,,,,,,,,,,,,,0.03789564222097397,,,,,,,,,,,,,0.15651068091392517,,,,,,,,,,,,,,,,,,,,,,,,,,,,,,,,,,,,,,,,,,,,,,,,,,,,,,,,,
87,,,,,0.7259460687637329,,0.07366438955068588,,0.04959177225828171,,normalize_5s_intro_AjGkbFqi67c.wav,,,,,,,,,,,,,,,,,0.02942308411002159,,,,,0.03204510733485222,,,,,,,,,,,,,,,,,,,,,,,,,,,0.10584043711423874,,,,,,,,,,,,,,,,,,,,,,,,,,,,,,,,,,,,,,,,,,,,,,,,,,,,,,,,0.038883257657289505,,,,,,,,,,,,,,,,,,,,,,,,0.046593114733695984,0.04397214949131012,0.032212238758802414,,,,,,,,,,,,,,,,,,,,,,,,,,,,,,,,,,
88,,,,,0.7802397012710571,,0.3522772192955017,,,,normalize_5s_intro_bI8-2blisUM.wav,,,,,,,,,,,,,,,,,0.07928809523582458,0.06561080366373062,,,,,,,,0.054135385900735855,,,0.22234198451042175,0.27746421098709106,,0.3139515221118927,,,,,,,,,,,,,,,,,,,,,,,,,,0.05983427166938782,,,,,,,,,,,,,,,,,,,,,,,,,,,,,,,,,,,,,,,,,,,,,,,,,,,,,,,,,,,0.03171909227967262,,,,,,,,,,,,,,,,,,,,,,,,,,,,,,,,,,,,,,,,,,,,,,,,
89,,,,,0.8035693168640137,0.04389216750860214,0.15482628345489502,,0.14147807657718658,0.2863871455192566,normalize_5s_intro_IrtcCSE2bVY.wav,,,,,,,,,,,,,,,,,0.07459373772144318,0.09017560631036758,,,,,,,,,,,,,,,,,,,,,,,,,,,,,,,,,,,,,,,,,,,,,,,,,,,,,,,,,,,,,,,,,,,,,,,,,,,,,,,0.1651630401611328,0.07805397361516953,,,,,,,,,,,,,,,,,,,0.0642867460846901,,,,,,,,,,,,,,,,,,,,,,,,,,,,,,,,,,,,,,,,,,,,,,,,
90,,,,,0.8649562001228333,,0.33683332800865173,,0.041775092482566833,,normalize_5s_intro_TeH7sCVCMJk.wav,,,,,,,,,,,,,0.11401406675577164,,0.029025226831436157,,0.34879985451698303,0.2754192650318146,0.11300883442163467,,,,,,0.0627322569489479,0.029057897627353668,,,,,,,,,,,,,,,,,,,,,,,,,,,,,,,,,,,,,,,,,,,,,,,,,,,,,,,,,,,,,,,,,,,,,,,,,,,,,,,,,,,,,,,,,,,,,,,,,,,,,,,,,,,,,,,,,,,,,,,,,,,,,,,,,,,,,,,,,,,
91,,,,,0.5623199939727783,,0.12988150119781494,,,,normalize_5s_intro_19Q9l85Feqw.wav,,,,,,,0.25323617458343506,,,,,,,,,,0.030911806970834732,0.04234340041875839,,,,,,,,,,,,0.023601097986102104,,0.049537334591150284,,,,,,,,,,,,,0.720712423324585,,,,,,,,,,,,,,,,,,,,,,,,,,,,,,,,,,,,,,,,,,,,,,,,,,,,,0.04213639348745346,,,,,,,,,,,,,,,,,,,0.055101215839385986,,,,,,,,,,,,,,,,,,,,,,,,,,,,,,,,,,,,,,,,,,,,,,,,
92,,,,,0.6448020339012146,,0.23889949917793274,,,,normalize_5s_intro_9odM1BRqop4.wav,,,,,,,,0.040275782346725464,,,,0.048809848725795746,0.08131396770477295,,,,0.12089180946350098,0.1513698548078537,,,,,,,,,,,,,,,,,,,,,,,,,,,,,,,,,,,,,,,,,,,,,,,,,,,,,,,,,,,,,,,,,,,,,,,,,,,,,,,0.1174936443567276,0.3039649426937103,0.5977295637130737,,,,,,,,,,,,,,,,,,,,,,,,,,,,,,,,,,,,,,,,,,,,,,,,,,,,,,,,,,,,,,,,,,
93,,,,,0.887302577495575,,0.598645031452179,,,,normalize_5s_intro_aIyqRdrHodE.wav,,,,,,,,,,,,,0.277313232421875,,,,0.5629171133041382,0.5526479482650757,0.14745411276817322,,,,,,,,,,,,,,,,,,,,,,,,,,,,,,,,,,,,,,,,,,,,,,,,,,,0.0752185806632042,,,,,,,,,,,,,,,,,,,,,,,,,,,0.4095143675804138,0.0888710469007492,0.12717144191265106,,,,,,,,,,,,,,,,,,,,,,,,,,,,,,,,,,,,,,,,,,,,,,,,,,,,,,,,,,,,,,,,,,
94,,,,,0.7536689043045044,,0.42427098751068115,,,,normalize_5s_intro_SQBuVfTX1ME.wav,,,,,,,,,,,,,,,,,,,,,,,,,,,,,0.1134241372346878,0.22358374297618866,,0.1978496015071869,,,,,,,,,,,,,,,,,,,,,,,,,,0.265945702791214,,,,,,,,,,,,,,,,,,,,,,,,,,,,,,,0.23054014146327972,,,,,,,,,,,,,,,,,,,,,,,,,,,,,,,,,,,,,,,,,,,0.0842040628194809,0.08897006511688232,0.04465901479125023,,,,,,,,,,,,,,,,,,,,,,,,,,,,,,,
95,,,,,0.8967947959899902,,0.6713622808456421,,,,normalize_5s_intro_ZpDQJnI4OhU.wav,,,,,,,,,,,,,0.2445467859506607,,0.15556854009628296,,0.6703996062278748,0.554104745388031,0.1828417330980301,,,,0.08068791776895523,,0.19150769710540771,,,,,,,,,,,,,,,,,,,,,,,,,,,,,,,,,,,,,,,,,,,,,,,,,,,,0.2147100418806076,,,,,,,,,,,,,,,,,,,,,,,,,,,,,,,,,,,,,,,,,,,,,,,,,,,,,,,,,,,,,,,,,,,,,,,,,,,,,,,,,,,,,,,,
96,,,,,0.7689968347549438,,0.22275353968143463,,0.05001142621040344,,normalize_5s_intro_6MSYrN4YfKY.wav,,,,,,,,,,,,,,,,,,,,,,,,,,,,,,0.05326234921813011,,0.0716029554605484,,,,,,,,,,,,,,,,,,,,0.0705154538154602,,0.09650973975658417,,,,,,,,,,,,,,,,,,,,,,,,,,,,,,,,,0.0965871661901474,,,,,,,,0.06762925535440445,,,,,,,,,,,,,,,,,,,,,,,,,,,,,,,,,,,,,,,,0.11927244812250137,,,,,,,,,,,,,,,,,,,,,,,,,,,,,,
97,,,,,0.8008957505226135,,0.12391691654920578,,0.04353347048163414,,normalize_5s_intro_agKkcRXN2iE.wav,,0.032328881323337555,,,,,,,,,,,,,,,0.03288353234529495,,,0.04431527853012085,0.04486389085650444,0.02895759977400303,,,,,,,,,,,,,,,,,,,0.04067884385585785,0.035347338765859604,,,,,,,,,,,,,,,,,,,,,,,,,,,,,,,,,,,,,,,,,,,,,,,,,,,,,,,,,,,,,,,,,,,,,,,,,,,,,,,,,,,,,,,,,,,,,,,,,,,,,,,,,,,,,,,,,,,,,,,,,,,
98,,,,,0.9071440696716309,,0.8615983724594116,,,,normalize_5s_intro_Stet_4bnclk.wav,,,,,,0.8458986878395081,,0.1845860779285431,,,,,,,,,,,,,,,,,,,,0.05198722705245018,,0.14260472357273102,,0.15229512751102448,,,,,,,,,,,,,,,,,,,,,,,,,,0.06757910549640656,,,0.032972246408462524,,,,,,,,,,,,,,,,,,,,,,,,,,,,,,,,,,,,,0.035415567457675934,,,,,,,,,,,,,,,,,,,,,,,,,,,,,,,,,,,,,,,,,,,,,,,,,,,,,,,,,,,,,,,,,,,
99,,,,,0.6802858114242554,,0.5214125514030457,,,,normalize_5s_intro_ftjEcrrf7r0.wav,,,,,,,,,,,,,,,,,0.191264346241951,0.12576432526111603,,,,,,,,,,,0.3652436137199402,0.4728582799434662,,0.40062275528907776,,,,,,,,,,,,,,,,,,,,,,,,,,,,,,,,,,,,,0.29894235730171204,,,,,,,,,,,,,,,,,,,,,,,,,,,,,,,,,,,,0.32298317551612854,,,,,,,,,,,,,,,,,,,,,,,,,,,,,,,0.20137721300125122,,,,,,,,,,,,,,,,,,,,,,,,,,,,,
100,,,,,0.6375623345375061,,0.1666213721036911,,,,normalize_5s_intro_1X0SdKtnwo8.wav,,,,,0.03790309280157089,,,,,,,,,,,,,,,,,,,,,,0.040067967027425766,,0.5159786343574524,0.44654735922813416,0.0608719103038311,0.4020664095878601,,,,,,,,,,,,,,,,,,,,,,,,,,,,,,,,,,,,,0.08079960197210312,,,,,,,,,,,,,,,,,,,,,,,,,,,,,,,,,,,,0.0803668200969696,,,,,,,,,,,,,,,,,,,,,,,,,,,,,,,,,,,,,,,,,,,,,,,,,,,,,,,,,,,,
101,,,,,0.7098492980003357,,0.171075701713562,,0.06624027341604233,,normalize_5s_intro_ulj-L3K_Gzs.wav,,,,,,,0.2960856556892395,,,,,,,,0.038264814764261246,,0.07822827249765396,0.05937856063246727,,,,,,,,,,,,,,,,,,,,,,,,,,,0.4140876829624176,,,,0.049078844487667084,,,,,,,,,,,,,,,,,,,,,,,,,,,,,,,,,,,,,,,,,,,,,,,,,,,,,0.2404985874891281,,,,,,,,,,,,,,,,,,,,,,,,,,,,,,,,,,,,,,,,,,,,,,,,,,,,,,,,,,,,,,,
102,,,,,0.69090336561203,,0.32995763421058655,,0.06960552930831909,,normalize_5s_intro_AoB8koE95C0.wav,,,,,,,0.24103879928588867,,,,,,,,,,0.127097025513649,0.11089906096458435,,,,,,,,,,,,,,,,,,,,,,,,,,,,,,,,,,,,,,,,,,,,,,,,,,,,,,,,,,0.09277909249067307,,,,,,,,,,,,,0.262673020362854,,,,,,,,,,,,,,,,,,,,,,,,,,,,,,,,,,,,,,,,,,,,,,,,0.10709443688392639,0.3987564444541931,,,,,,,,,,,,,,,,,,,,,,,,,,,
103,,,,,0.48708245158195496,,0.20448385179042816,,,,normalize_5s_intro_PQAIxeSIQU4.wav,,,,,,,,,,,,,,,,,,,,,,,,,,,,,0.1703331023454666,0.2992309033870697,,0.252833753824234,,,,,,,,,,,,,,,,,,,,,,,,,,,,,,,,,,,,,0.03317223861813545,,,,,,,,,,,,,,,,,,,,,,,,,,,,,0.16679945588111877,,,,,,,0.07585179805755615,,,,,,,,,,,,0.4955781102180481,,,,,,,,,,,,,,,,,,,0.038835588842630386,,,,,,,,,,,,,,,,,,,,,,,,,,,,,
104,,,,0.11650686711072922,0.50632643699646,,0.07794573158025742,,,,normalize_5s_intro_GQT8ejgV2_A.wav,,,,,,,,,,,,,,,,,,,,,,,,,,,,,,0.0487823560833931,,,,,,,,,,,,,,,,,,,,,,,,,0.17135128378868103,0.13156341016292572,,,,,,,,,,,,,,,,,,,,,,,,,,,,,,,,,,,,,,,,,,,,,,,,,,,,0.13849705457687378,,,,,0.05828908085823059,,,,,,,,,,,,,,,,,,,,,,,,,,0.07249055057764053,0.09460977464914322,,,,,,,,,,,,,,,,,,,,,,,,,
105,,,,,0.6244383454322815,,0.10504725575447083,,0.048033587634563446,,normalize_5s_intro_feVUoKhP1mE.wav,,,,,,,,,,,,,,,,,,,,,,,,,,,,,,,,,,,,,,,,,,,,,,,,,,,,,,,0.1946198046207428,0.3827008008956909,0.2371653914451599,,0.27248623967170715,,,,,,,,,,,,,,,,,,,,,,,,,,,,,,,,,,,,0.09524756669998169,,,,,,,,,,,,,0.18330784142017365,0.04709576070308685,,,,,,,,,,,,,,,,,,,,,,,,,,,,,,,,,,,,,,,,,,,,,,,,,,,,,,,,
106,,,,,0.6483743190765381,,0.21100877225399017,,,,normalize_5s_intro_gwsaElRJI2M.wav,,,,,,,,0.038836460560560226,,,,,,,,,0.05116317793726921,0.12281303852796555,,,,,,,,,,0.03571157157421112,,,0.026760829612612724,,,,,,,,,,,,,,,,,,,,,,,,,,,,,,,,,,,,,,,,,,,,,,,,,,,,,,,,,,,,,,,,,,,0.3466036319732666,0.3074207007884979,,,,,,,,,,,,,,,,,,0.3220313787460327,,,,,,,,,,,,,,,,,,,,,,,,,,,,,,,,,,,,,,,,,,,,,,,,
107,,,,,0.7602130174636841,,0.5170692205429077,,0.048163097351789474,,normalize_5s_intro_lYxcW8jtFw0.wav,,,,,,,,,,,,,,,,,0.14622530341148376,0.15082764625549316,,,,,,,,0.07427290081977844,,,0.16070401668548584,0.21986907720565796,,0.19581681489944458,,,,,,,,,,,,,,,,,,,,,,,,,,0.0703393891453743,,,,,,,,,,,,,,,,,,,,,,,,,,,,,,,,,,,,,,,,,,,,,,,,,,,,,,,,,,,,,,,,,,,,,,,,,,,,,,,,,,,,,,,,,,,,,,,,,,,,,,,,,,,
108,,,,,0.860561728477478,,0.1939336508512497,,0.04023571312427521,,normalize_5s_intro_Skt_NKI4d6U.wav,,,,,,0.05580361932516098,,,,,,,,,,,0.04650707170367241,,,0.0662219300866127,0.04269033297896385,0.05023811012506485,,,,,,,,,,,,,,,,,,,,,,,,,,,,,,,,,,,,,,,,,,,,,,0.040994033217430115,,,,,,,,0.039605092257261276,,,,,,,,,,,,,,,,,,,,,,,,,,,,,,,,,,,,,,,,,,,,,,,,,,,,,,,,,,,,,,,,,,,,,,,,,,,,,,,,,,,,,,,,,
109,,,,,0.8047792315483093,,0.3458006680011749,,0.03679703548550606,,normalize_5s_intro_99f0oH45TVc.wav,,,,,,,,,,,,,0.06893304735422134,,,,0.17610152065753937,0.13332822918891907,0.06611626595258713,,,,,,,,,,0.03785600885748863,0.06263791024684906,,0.056576989591121674,,,,,,,,,,,,,,,,,,,,,,,,,,,,,,,,,,,,,,,,,,,,,,,,,,,,,,,,,,,,,,,,,,,,,,,,,,,,,,,,,,,,,,,,,,,,,,,,,,,,,,,,,,,,,,,,,,,,,,,,,,,,,,,,,,,,,
110,,,,,0.8474474549293518,,0.07086443156003952,,,,normalize_5s_intro_rWznOAwxM1g.wav,,,,0.31671786308288574,0.11686535179615021,,,,,,,,,,,,,,,,,,,,,,0.22888734936714172,,,0.03197595849633217,0.13655488193035126,0.05975358560681343,,,,,,,,,,,,,,,,,,,,,,,,,,,,,,,,0.050087034702301025,,,,,,,0.04877935349941254,,,,,,,,,,,,,,,,,,,,,,,,,,,,,,,,,,,,,,,,,,,,,,,,,,,,,,,,,,,,,,,,,,,,,,,,,,,,,,,,,,,,,,,,,,,,,,
111,,,,,0.8681687712669373,,0.6376754641532898,,,,normalize_5s_intro_bwQ49N0jVvE.wav,,,,,,,0.30966463685035706,,0.423205703496933,,,,0.12170220911502838,,,,0.5068541765213013,0.4256126880645752,0.12861141562461853,,,,,,0.15168389678001404,0.08787158131599426,,,,,,,,,,,,,,,,,,,,,,,,,,,,,,,,,,,,,,,,,,,,,,,,,,,,,,,,,,,,,,,,,,,,,,,,,,,,,,,,,,,,,,,,,,,,,,,,,,,,,,,,,,,,,,,,,,,,,,,,,,,,,,,,,,,,,,,,,,,
112,,,,,0.7582553029060364,,0.302091509103775,,,,normalize_5s_intro_pssWSj42t8M.wav,,,,,,,,,,,,,,,,,0.30632448196411133,0.23643532395362854,0.06469451636075974,,,,,0.07411064207553864,0.12361377477645874,,,,,,,,,0.10727133601903915,,,,,0.06394869089126587,,,,,,,,,,,,,,,,,,,,,,,,,,0.07564036548137665,,,,,,,,,,,,,,,,,,,,,,,,,,,,,,,,,,,,,,,,,,,,,,,,,,,,,,,,,,,,,,,,,,,,,,,,,,,,,,,,,,,,,,,,,,,,,,,,,,,,
113,,,,,0.8780986666679382,,0.05601038411259651,,0.03182549402117729,,normalize_5s_intro_Srp0opA8V8o.wav,,,,,,,,,,,,,,,,,0.03098464012145996,,,,,,,,,,0.08923222869634628,,,,,,,,,,,,,,,,,,,,,,,,,,,,,,,,,,,,,0.044825244694948196,,,,0.03125821053981781,,,0.09007614850997925,0.11803951859474182,,,,,,,,,,,,,,,,,,,0.03562314063310623,,,,,,,,,,,,,,,,,,,,,,,,,,,,,,,,,,,,,,,,,,,,,,,,,,,,,,,,,,,,,,,,,,,,,,,,,,
114,,,,,0.8645216822624207,,0.3152300715446472,,,,normalize_5s_intro_C5VCGM2J5ls.wav,,0.04484105855226517,,,,0.11406487226486206,,0.05142960324883461,,,,,,,,,0.15604586899280548,0.16329412162303925,0.05773092433810234,,0.045381687581539154,,,,0.0843166634440422,,,,,,,,,,,,,,,,,,,,,,,,,,,,,,,,,,,,,,,,,,,,,,,,,,,,,,,,,,,,,,,,,,,,,,,,,,,,,,,,,,,,,,,,,,,,,,,,,,,,,,,,,,,,,,,,,,,,,,,,,,,,,,,,,,,,,,,,,,,,
115,,,,,0.8734161257743835,,0.8085054755210876,,,,normalize_5s_intro_ytq5pGcM77w.wav,,,,,,0.8580691814422607,,0.27615466713905334,0.10989392548799515,,,,,,,,0.08063776046037674,0.06284372508525848,,,,,,,,,,0.0394183024764061,,,,,,,,,,,,,,,,,,,,,,,,,,,,,,,,,0.0655091255903244,,,,,,,,,,,,,,,,,,,,,,,,,,,,,,,,,,,,,0.043016400188207626,,,,,,,,,,,,,,,,,,,,,,,,,,,,,,,,,,,,,,,,,,,,,,,,,,,,,,,,,,,,,,,,,,,
116,,,,,0.9087278842926025,,0.7253721356391907,,,,normalize_5s_intro_F64yFFnZfkI.wav,,,,,,,,,,,,,0.1419232338666916,,,,0.7531394362449646,0.6425351500511169,0.24323709309101105,,,,0.14857572317123413,,0.3880593776702881,,,,,,,,,,,,,,0.12111884355545044,,,0.14393268525600433,,,,,,,,,,,,,,,,,,,,,,,,,,,,,,,,,,,,,,,,,,,,,,,,,,,,,,,,,,,,,,,,,,,,,,,,,,,,,,,,,,,,,,,,,,,,,,,,,,,,,,,,,,,,,,,,,,,,,,,,,,,
117,,,,,0.8643948435783386,,0.2486535757780075,,0.09160908311605453,,normalize_5s_intro_tEW2eRQ-4DY.wav,,0.09187111258506775,,,,,,,,,,,,,,,0.1482439935207367,0.09657303988933563,,0.1360696703195572,,0.09025231003761292,,,,,,,,,,,,,,,,,,,0.08371919393539429,0.07542742788791656,,,,,,,,,,,,,,,,,,,,,,,,,,,,,,,,,,,,,,,,,,,,,,,,,,,,,,,,,,,,,,,,,,,,,,,,,,,,,,,,,,,,,,,,,,,,,,,,,,,,,,,,,,,,,,,,,,,,,,,,,,,
118,,,,,0.7796990871429443,,0.20448409020900726,,0.039813823997974396,,normalize_5s_intro_haCay85cpvo.wav,,,,,,,,,,,,,0.05378033593297005,,0.03142891079187393,,0.2031136155128479,0.1386374682188034,0.05471893399953842,,,,,,0.032084524631500244,,,,,,,,,,,,,,,,,,,,,,,,0.0410524383187294,,,,,,,,,,,,,,,,,,,,,,,,,,,,,,,,,,,,,,,,,,,,,,,,,,,,,,,,,,,,,,,,,,,,,,,,,,,,,,,,,,,,,,,,,,,,,,,,,,,,,,,,,,,,,,,,,,,,
119,,,,,0.8836250901222229,,0.08392515778541565,,,,normalize_5s_intro_Ng2JdroNfC0.wav,,,,,0.05449848249554634,,,,,,,,0.05655242130160332,,,,0.1109221950173378,0.08092737942934036,,,,,,,,,,,,,0.06058433651924133,,,,,,,,,,,,,,,,,,0.11250879615545273,,,,,,,,,,,,,,,,,,,,,,,,0.07183946669101715,,,,,,,,,,,,,,,,,,,,,,,,,,,,,,,,,,,,,,,,,,,,,,,,,,,,,,,,,,,,,,,,,,,,0.05795392394065857,,,,,,,,,,,,,,,,,,,,,,,,
120,0.01879388652741909,,,,0.7484260201454163,0.02902575582265854,0.023199928924441338,0.01824631541967392,0.134573295712471,,normalize_5s_intro_OMR2W-7AyYU.wav,,0.020031601190567017,,,,,,,,,,,,,,,,,,,,,,,,0.019276825711131096,,,,,,,,,,,,,,,,,,,,,,,0.016454139724373817,,,,,,,,,,,,,,,,,,,,,,,,,,,,,,,,,,,,,,,,,,,,,,,,,,,,,,,,,,,,,,,,,,,,,,,,,,,,,,,,,,,,,,,,,,,,,0.01603938639163971,,,,,,,,,,,,,,,,,,,,,,,
121,,,,,0.7952417731285095,,0.6585119962692261,,,,normalize_5s_intro_d6BzCEkGd3I.wav,,,,,,,,,,,,,,,,,,,,,,,,,,0.02483808994293213,,0.08482485264539719,0.6059855222702026,0.7822689414024353,,0.8040266633033752,,,,,,,,,,,,,,,,,,,,,,,,,,0.02056114189326763,,,,,,,,,,,,,,,0.04605928808450699,,,,,,,,,,,,,,,,,,,,,,,,,,,,,,0.022219253703951836,,,,,,,,,,,,,,,,,,,,,,,,,,,,,,,,,,,,,,,,,,,,,,,,,,,,,,,,,,,,,,
122,,,,,0.838513970375061,,0.2423061579465866,,,,normalize_5s_intro_HMvXE4Zs6ZA.wav,,,,,,,,,,,,,,,,,,,,,,,,,,0.036968592554330826,,,0.051056601107120514,0.09346913546323776,,0.058119483292102814,,,,,,,,,,,0.18101052939891815,,,,,,,,,,,,,,,0.47661614418029785,,,,,,,,,,0.17694434523582458,,,,,,,,,,,,,,,,,,,,,,,,,,0.22109873592853546,,,,,,,,,,,,,,,,,,,,,,,,,,,,,,,,,,,,,,,,,,,,,,,,,,,,,,,,,,,,,,,,,,,,,,,
123,,,,,0.8116140961647034,,0.6350511908531189,,0.031707972288131714,,normalize_5s_intro_gDevCxVY_wA.wav,,,,,,,,,,,,,0.5016278624534607,,,,0.6737532615661621,0.5615421533584595,0.27706098556518555,,,,0.02577572502195835,,0.048799190670251846,,,,,,,,,,,,,,,,,,,,,,,,0.037068694829940796,,,,,,,,,,,,,,,,,,,,,,,,,,,,,,,,,,,,,,,,,,,,,,,,,,,,,,,,,,,,,,,,,,,,,,,,,,,,,,,,,,,,,,,,,,,,,,,,,,,,,,,,,,,,,,,,,,,,
124,,,,,0.8738211393356323,,0.12089672684669495,,,,normalize_5s_intro_-MqZKMbOYEA.wav,,,,,,,,,,,,,,,,,0.03532964363694191,,,,,,,,,,0.13598309457302094,,,,,,,,0.030388982966542244,,,,,,,0.02537832222878933,,,,,,,,,,,,,,,,,,,,,,0.18399441242218018,,,,,,,0.10617613047361374,0.1510937213897705,,,,,,,,,,,,,,,,,,,0.044347237795591354,,,,,,,,,,,,,,,,,,,,,,,,,,,,,,,,,,,,,,,,,,,,,,,,,,,,,,,,,,,,,,,,,,,,,,,,,,
125,,,,0.03276738151907921,0.7513976693153381,,0.04063475504517555,0.030464906245470047,,,normalize_5s_intro_SyZOAgXiPMw.wav,,,,,,,,,,0.07396941632032394,0.11662491410970688,,,,,,,,,,,,,,,,,,,,,,,,,,,,,,,,,,,,,,0.02918284386396408,,,,,,,,,,,,,,,,,,,,,,,,,,,,,,,0.03428797051310539,,,,,,,,,,,,,,,,,,,,,,,,,,,,,,,,,,,,,,,,,,,,,,,,,,,,,,,,,,,,0.03643464297056198,,,0.03975430130958557,,,,,,,,,,,,,,,,,,,,,,
126,,,,,0.8928940296173096,,0.12658287584781647,,,,normalize_5s_intro_Zh3uBgwow8A.wav,,,,,,0.07905805855989456,,,,0.10409784317016602,,0.06686367094516754,,,,,,,,,,,,,,,,,,,,,,,,,,,,,,,,,,,,,,,0.07595154643058777,0.06096966192126274,,0.16279922425746918,,,,,,,,,,,,,,,,,,,,,,,,,,0.05523982271552086,,,,,,,,,,,,,,,,,,,,0.06208218261599541,,,,,,,,,,,,,,,,,,,,,,,,,,,,,,,,,,,,,,,,,,,,,,,,,,,,,,,,,,,,,,,,,
127,,,,,0.8572017550468445,,0.35243046283721924,,,,normalize_5s_intro_aQ06TfyA1Ks.wav,,,,,,,,,,,,,0.20903700590133667,0.09732605516910553,,0.1062069684267044,0.32166561484336853,0.28405728936195374,0.14652293920516968,,,,,,,,,,,,,,,,,,,,,,,,,,,,,,,,,,,,,,,,,,,,,,,,,,,,,,,,,,,,,,,,,,,,,,,,,,,,,,0.08509258180856705,0.05667725205421448,,,,,,,,,,,,,,,,,,,,,,,,,,,,,,,,,,,,,,,,,,,,,,,,,,,,,,,,,,,,,,,,,,,
128,,,,,0.847212016582489,,0.8582963943481445,,,,normalize_5s_intro_IpniN1Wq68Y.wav,,,,,,,,,,,,,0.6955307126045227,,0.019220901653170586,,0.8551374077796936,0.7729220390319824,0.40883558988571167,,,,,,0.04803909361362457,0.04905768483877182,,,,,,,,,,,,,,,,,,,,,,,,,,,,,,,,,,,,,,,,,,,,,,,,,,,,,,,,,,,,,,,,,,,,,,,,,,,,,,,,,,,,,,,,,,,,0.06614051014184952,,,,,,,,,,,,,,,,,,,,,,,,,,,,,,,,,,,,,,,,,,,,,,,
129,,,,,0.86944979429245,0.05304719880223274,0.08056242018938065,,,,normalize_5s_intro_vMcFA2x23FE.wav,,,,,,,,,,,,,,,,,,,,,,0.04206689074635506,,,,,,,,,,,,,,,,,,,,,,,,,,,,,,,,,,,,,,,,,,,,,,,,,0.04195428267121315,,,,,,,,,,0.08863931894302368,,,,,,,,,,,,,,,,,,,,,,,,,,0.05563899129629135,,,,,0.05871255323290825,0.07952260226011276,0.11268596351146698,,,,,,,,,,,,,,,,,,,,,,,,,,,,,,,,,,,,,,,,,,,,,,,,,,,
130,,,,,0.8810624480247498,,0.07719067484140396,,0.06586652994155884,,normalize_5s_intro_1wpJkzCWHcI.wav,,,,0.0370706170797348,,,,,,0.05795850604772568,0.2795941233634949,0.04159551486372948,,,,,,,,,,,,,,,,,,,0.034403495490550995,,,,,,,,,,,,,,,,,,0.041895050555467606,,,,,,,,,,,,,,,,,,,,,,,,,,,,,,,0.10596796125173569,,,,,,,,,,,,,,,,,,,,,,,,,,,,,,,,,,,,,,,,,,,,,,,,,,,,,,,,,,,,,,,,,,,,,,,,,,,,,,,,,,,,,
131,,,,,0.8707998991012573,,0.41089779138565063,,,,normalize_5s_intro_q_4no3KCrY4.wav,,,,,,,,,,,,,0.13453158736228943,,0.042822420597076416,,0.48248156905174255,0.3841962218284607,0.14846570789813995,,,,0.05686730518937111,,0.1607052981853485,,,,,,,,,,,,,,,,,,,,,,,,,,,,,,,,,,,,,,,,,,,,,,,,,,,,0.046633195132017136,,,,,,,,,,,,,,,,,,,,,,,,,,,,,,,,,,,,,,,,,,,,,,,,,,,,,,,,,,,,,,,,,,,,,,,,,,,,,,,,,,,,,,,,
132,,,,,0.8112511038780212,,0.4247472882270813,,,,normalize_5s_intro_RhBb77hG0iw.wav,,,,,,0.08356338739395142,0.17694364488124847,,0.29430922865867615,,,,,,,,0.11030063778162003,0.07630057632923126,,,,,,,,,,,,,,,,,,,,,,,,,,,,,,,,,,,,,,,,,,,,,,,,,,,,,,,,,,,,,,,,,,,,,,,0.06813425570726395,,,,,,,,,,,,,,,,,,,,,,,,,,,,,,,,,,,,,,,,,,,,,,,,0.10035686194896698,0.047707755118608475,,,,,,,,,,,,,,,,,,,,,,,,,,,
133,,,,,0.7513794898986816,,0.2051064521074295,,0.04638722166419029,,normalize_5s_intro_wcLXjQLwSBE.wav,,,,,,,,,,,,,0.0503072626888752,,,,0.16132745146751404,0.11892562359571457,,,,,,,,,,,,,0.05472413823008537,,,,,,,,,,,,,,,,,,,,,,,,0.05643409863114357,0.05300077423453331,,,,,,,,,,,,,,,,,,,,,,,,,,,,,,,,,,,,,,,,,,,,,,,,,,,,0.05418195575475693,,,,,,,,,,,,,,,,,,,,,,,,,,,,,,,,,,,,,,,,,,,,,,,,,,,,,,,,,
134,,,,,0.7937538623809814,,0.4159868061542511,,,,normalize_5s_intro_0EVVKs6DQLo.wav,,,,,,,,,,,,,,,,,0.21222230792045593,0.14761553704738617,,,,,,,,,,,0.21839654445648193,0.25484535098075867,,0.21053752303123474,,,,,,,,,,,,,,,,,,,,,,,,,,0.08161670714616776,,,,,,,,,,,0.08708086609840393,,,,,,,,,,,,,,,,,,,,,,,,,,,,,,,,,,,,0.11062510311603546,,,,,,,,,,,,,,,,,,,,,,,,,,,,,,,,,,,,,,,,,,,,,,,,,,,,,,,,,,,,
135,,,,,0.8527933359146118,,0.13580204546451569,,0.08019941300153732,,normalize_5s_intro_2AWE9tqnDPw.wav,,0.07738547772169113,0.05032211169600487,,,,,,,,,,,,,,0.06255625188350677,0.0524611733853817,,,,,,,,,,,,,,,,,,,,,,,,,,,,,,,,,0.04816155135631561,,,,,,,,,,,,,,,,,,,,,,,,,,,,0.08587314188480377,,,,0.0628850907087326,,,,,,,,,,,,,,,,,,,,,,,,,,,,,,,,,,,,,,,,,,,,,,,,,,,,,,,,,,,,,,,,,,,,,,,,,,,,,,,,,,
136,,,,,0.8255747556686401,,0.21964237093925476,,,,normalize_5s_intro_hV-FwW1LgxU.wav,,,,0.07081618905067444,0.07679886370897293,0.0837724581360817,,,,,,,,,,,0.07939852774143219,0.06285950541496277,,,,,,,,,0.06935395300388336,,,,0.058424003422260284,,,,,,,,,,,,,,,,,,,,,,,,,,,,,0.08544457703828812,,,,,,,,,,,,,,,,,,,,,,,,,,,,,,,,,,,,,,,,,,,,,,,,,,,,,,,,,,,,,,,,,,,,,,,,,,,,,,,,,,,,,,,,,,,,,,,,,,,,,,,,,
137,,0.027468804270029068,0.14527882635593414,0.08227959275245667,0.7877560257911682,,0.07054383307695389,0.22529996931552887,,,normalize_5s_intro_SubIr_Fyp4M.wav,,,,,,,,,,,,,,,,,,,,,,,,,,,,,,,,,,,,,,,,,,,,,,,,,,,,,,,0.07097099721431732,0.08505769819021225,,,,,,,,,,,,,,,,,,,,,,,,,,,,,,,,,,,,,,,,,,,,,,,,,,,,0.04967997223138809,,,,,,,,,,,,,,,,,,,,,,,,,,,,,,,,,,,,0.038538504391908646,,,,,,,,,,,,,,,,,,,,,
138,,,,,0.8415111303329468,,0.19897402822971344,,,,normalize_5s_intro_gv7BRXvZJbI.wav,,,,,,,,,,,,,,0.06990817934274673,,0.12924642860889435,0.1555023193359375,0.1090603843331337,,,,,,,,,,,,,,,,,,0.11059252917766571,,0.10827773809432983,0.08203551918268204,,,,,,,,,,0.09047739207744598,,,,,,,,,,,,,,,,,,,,,,,,,,,,,,,,,,,,,,,,,,,,,,,,,,,,,,,,,,,,,,,,,,,,,,,,,,,,,,,,,,,,,,,,,,,,,,,,,,,,,,,,,,,,,,,,,,,,
139,,,,,0.8414649367332458,,0.12112416326999664,,,,normalize_5s_intro_3ObVN3QQiZ8.wav,,,,,,,,,,,,,,,,,,,,,,,,,,,,,,,,,,,,,,,,,0.044623397290706635,,,,,,,,,0.12978005409240723,0.058053191751241684,0.2479984164237976,0.04105372354388237,0.5024417042732239,,,,,,,,,,,,,,,,0.08804015815258026,,,,,,,,,,,,,,,,,,,,,,,,,0.06193804368376732,,,,,,,,,,,,,,,,,,,,,,,,,,,,,,,,,,,,,,,,,,,,,,,,,,,,,,,,,,,,,,,,,,,,,,
140,,,,,0.8763576745986938,,0.8783023953437805,,,,normalize_5s_intro_sY5wXfgspQI.wav,,,,,,,,0.07438835501670837,,,,,0.5660573840141296,,,,0.8746918439865112,0.8090651035308838,0.36531633138656616,,,,0.08383506536483765,,0.09471859782934189,0.04848172515630722,,,,,,,,,,,,,,,,,,,,,,,,,,,,,,,,,,,,,,,,,,,,,,,,,,,,,,,,,,,,,,,,,,,,,,,,,,,,,,,,,,,,,,,,,,,,,,,,,,,,,,,,,,,,,,,,,,,,,,,,,,,,,,,,,,,,,,,,,,,
141,,,,,0.8739988803863525,,0.4730216860771179,,,,normalize_5s_intro_7E_a_VKjcl8.wav,,,,,,,,,,,,,,,,,0.45993512868881226,0.3369496762752533,0.13298776745796204,,,,,,0.16973762214183807,,,,,,,,,0.09165498614311218,0.13583660125732422,0.13156770169734955,,,0.16815440356731415,,,,,,,,,,,,,,,,,,,,,,,,,,,,,,,,,,,,,,,,,,,,,,,,,,,,,,,,,,,,,,,,,,,,,,,,,,,,,,,,,,,,,,,,,,,,,,,,,,,,,,,,,,,,,,,,,,,,,,,,,,,,,,
142,,,,,0.7925326228141785,,0.1621168553829193,,0.024407250806689262,,normalize_5s_intro_WRSeV_27z6k.wav,,,,,,,,,,0.03273129463195801,,0.022496268153190613,,,,,0.05539170652627945,0.04897671192884445,,,,,,,,,,,,0.019812365993857384,,,,,,,,,,,,,,,,,,,,,,,,,0.021919099614024162,0.027440782636404037,,,,,,,,,,,,,,,,,,,,,,,,,,,,,,,,,,,,,,,,,,,,,,,,,,,,,,,,,,,,,,,,,,,,,,,,,,,,,,,,,,,,,,,,,,,,,,,,,,,,,,,,,,,,,
143,,,,,0.78616863489151,,0.44033628702163696,,,,normalize_5s_intro_gFnNr5vr5bQ.wav,,,,,,,0.06844944506883621,,,,,,,,,,0.27651074528694153,0.2568070888519287,,,,,,0.1105194240808487,0.11040814965963364,0.06912698596715927,,,,,,,,,,,,,,,,,,,,,,,,,,,,,,,,,,,,,,,0.058835238218307495,,,,,,,,,,,,,0.05325017496943474,,,,,,,,,,,,,,,,,,,,,,,,,,,,,,,,,,,,,,,,,,,,,,,,,,,,,,,,,,,,,,,,,,,,,,,,,,,,,,,,,,,,,,,
144,,,,,0.8035039901733398,,0.2728025019168854,,,,normalize_5s_intro_GphIn74Weu0.wav,,,,,,,,,,,,,,,,,,,,,,,,,,,,,,,,,,,,,,,,0.1282203495502472,0.35858091711997986,0.17384211719036102,,,,,,,,0.22586791217327118,,,0.08678456395864487,,,,,,,,,,,,,,,,,,,,,,,,,,,,,,,,,,,,,,,,,,0.40253186225891113,,,,,,,,,,,,,,,,,,,,,,,,,0.11093097925186157,,,,,,,,,,,,,,,,,,,,,,,,,0.18016120791435242,,,,,,,,,,,,,,,,,,,,
145,,,,,0.7636660933494568,,0.38297146558761597,,,,normalize_5s_intro_fE2h3lGlOsk.wav,,,,,,,,0.08217684179544449,,,,,,,,,,,,,,,,,,,,0.10637689381837845,,,,,,,,,,,,,,,,,,,,,,,,,,,,0.11627893894910812,,,0.16475684940814972,,,,0.1400374174118042,,,,,,,,,,,,,,,,,,,,,,,,,,,,,,,,0.3564038872718811,,,,,,,,,,,,,0.056889649480581284,,,,,,,,,,,,,,,,,,,,,,,,,,,,,,,,,,,,,,0.07108388096094131,,,,,,,,,,,,,,,,,,,
146,,,,,0.8462879657745361,,0.23554939031600952,,,,normalize_5s_intro_TFv9Kcym9dg.wav,,,,,,,,,,,,,,,,,0.039995066821575165,0.08270246535539627,,,,,,,,,,,0.037812091410160065,0.061508435755968094,,0.06601210683584213,,,,,,,,,,,,,,,,,,,,,,,,,,,,,,,,,,,,,,,,,,,,,,,,,,,,,,,,,,,,,,,,,,0.045374561101198196,,,,,,,,,,,,,,,,,,,0.22518515586853027,,,,,,,,,,,,,,,,,,,,,,,,,,,0.07593496888875961,,,,,,,,,,,,,,,,,,,,,
147,,,,,0.8290640711784363,,0.20252546668052673,,0.031688690185546875,,normalize_5s_intro_V-ar6MLjy5o.wav,,,,,,0.03571806848049164,,,,,,,,,,,0.05434027314186096,0.04030974581837654,,,,,,,,,0.03015885129570961,,,,,,,,,,,,,,,,,,,,,,,,,,,,,,,,,,,,,,,,,,,,,,,,,0.03484095260500908,,,,,,,,,,,,,0.07073912024497986,,,,,,,,,,,,,,,,,,,,,,,,,,,,,,,,,,,,,,,,,,,,,0.04052872210741043,,,,,,,,,,,,,,,,,,,,,,,,,,,,,,,
148,,,,,0.8032522797584534,,0.03292347863316536,,,,normalize_5s_intro_7QQzDQceGgU.wav,,,,,,,,,,,,,,,,,,,,0.09236777573823929,,0.03405090048909187,,,,,,,,,,,,,,,,,,,,,,,,,,,,,,,,,,,,,,,,,,,,,,0.07413675636053085,,,0.03240292891860008,,,,,,,,,,,,,,,,,0.07805371284484863,,,,,,,,,,,,0.048571761697530746,,,,,,,,,,,,,,,,,,,,,,,,,,,,,,,,,,,,,,,,,,,,,,,0.15808379650115967,0.3588145077228546,,,,,,,,,,,,,,,,,
149,0.04977957159280777,,,,0.9420099258422852,,,,0.1867641806602478,,normalize_5s_intro_ahpmuikko3U.wav,,,,,,,,,,,,,,,,,,,,0.06562100350856781,,,,,,,,,,,,,,,,,,,,,,,,,,,,,,,,,,,,,,,,,,,,,,,,,,,,,,,,,,,,,,,,,,,,,,,,,,,,,,,,,,,,,,,,,,,,,,,,,,,,,,,,,,,,,,,,,,,,,,,,,,0.17019379138946533,,,,,,,0.12229620665311813,0.03450927883386612,0.0327422134578228,0.05158444121479988,0.24119806289672852,,,,,,,,,,,,
150,,,,,0.6175564527511597,,,,0.04181358218193054,,normalize_5s_intro_hMWoOunsMFM.wav,,,,,,,,,,,,,,,,,,,,,,,,,,,,,,,,,,,,,,,,,,,,,,,,,0.04619866982102394,,,,,,,,,,,,,,,,,,0.0699504166841507,,,,,,,,,,,,,0.04361175373196602,,,,,,,,,0.05724049359560013,,,,,,,,,,,,,,,,,,,,0.09075846523046494,,,,,,,,,,,,,,,,,,,,,,,,0.0414329469203949,,,,,,,,,,,,,,,,,,,,,0.07913033664226532,0.07560035586357117,,,,,,,,,,
151,,,,,0.796769380569458,,0.4927583634853363,,0.030963171273469925,,normalize_5s_intro_ey4Fc9DP5Rw.wav,,,,,,0.12819910049438477,,0.06296737492084503,,,,,,,,,,,,,,,,,,0.0508618988096714,,,,,,,,,,,,,,,,,,,,,,,,,,,,,,,,,,,0.03370021656155586,0.027444472536444664,,,,,,,,,,,,,,,,,,,,,,,,,,,,,,,,,,,,,,,,,,,,,,,,,,,,,,,,,,,,,,,,,,,,,,,,,,,,,,,,,,,,,,,,,,,,,,0.24185489118099213,0.05028734356164932,,,,,,,,
152,,,,,0.8442680239677429,,0.05331672728061676,,,,normalize_5s_intro_yBzk2xXE9yg.wav,,,,,,,,,,,,,,,,,,,,0.11852536350488663,,0.09349411725997925,,,,,,,,,,,,,,,,,,,,,,,,0.21189464628696442,,,0.03805655986070633,,,,,,,,,,,,,,,,,,,,,,,,,,,,,,,,,0.05490761622786522,,,,,,0.16661393642425537,,,,,,,,,,,,0.04484884440898895,,,,,,,,,,,,,,,,,,,,,0.04336201772093773,,,,,,,,,,,,,,,,,,,,,,,,,,,,,,,,,,,,,,,,,,,,
153,,,,,0.6733208298683167,,0.10910452902317047,,,,normalize_5s_intro_7pcZIsJNlAs.wav,,,,,,,,,,,,,,,,,,,,,,,,,,,,,,,,,,,,,,,,,,,,,,,,,,,,,,,,,0.02413814328610897,,,,,,,,,,0.11111655086278915,,,,,,,,,,,,,,,,,,,,,,0.21585866808891296,,,,,,,,,,,,,,,0.04840153083205223,,,,,0.05678832530975342,,,,,,,,,,,,,,,,,,,,,,,0.11139977723360062,0.08705364912748337,0.0575241893529892,,,,,,,,,,,,,,,,,,,,,,,,,,,,,,,
154,,,,,0.7832750082015991,,0.3462861478328705,,,,normalize_5s_intro_NL2ZHPji3Z0.wav,,,,,,0.14471766352653503,0.15670323371887207,0.08491028845310211,,,,,,,,,0.062304772436618805,0.050350405275821686,,,,,,,,,,,,,,,,,,,,,,,,,,,0.1941685527563095,,,,,,,,,,,,,,,,,,,,,,,,,,,,,,,,,,,,,,,,,,,,0.05038263648748398,,,,,,,,,,,,,,,,,,,,,,,,,,,,,,,,,,,,,,,,,,,,,,,,,0.07122879475355148,,,,,,,,,,,,,,,,,,,,,,,,,,,
155,,,,,0.85591059923172,,0.3407753109931946,,,,normalize_5s_intro_zumMQrI_tMg.wav,,,,,,,,,,0.20812886953353882,,0.09691129624843597,0.09469907730817795,,,,0.2227950543165207,0.23170620203018188,,,,,,,,,,,,,,,,,,,,,,,,,,,,,,,,,,,,,,,,,,,,,,,,,,,,0.1319679319858551,,,,,,,,,,0.06703035533428192,,,,,,,,,,,,,,,,,,,0.07082514464855194,,,,,,,,,,,,,,,,,,,,,,,,,,,,,,,,,,,,,,,,,,,,,,,,,,,,,,,,,,,,,,,,,,
156,,,,,0.8526487946510315,,0.13719618320465088,0.03020036406815052,,,normalize_5s_intro_zaCbuB3w0kg.wav,,,,,,,,,,,,,,,,,,,,,,,,,,,,,,,,,,,,,,,,,,,,,,,,,,0.028559276834130287,,,,,0.17370031774044037,0.3608083426952362,,,0.024036359041929245,,,,,,,,,0.046126484870910645,,,,,,,,,,,,,,,,,,,,,,,,,,,0.04401368275284767,,,,,,,,,,,,,0.16308671236038208,,,,,,,,,,,,,,,,,,,,,,,,,,,,,,,,,,,,,,,,,,,,,,,,,,,,,,,,,
157,,,,,0.7452802658081055,,0.1292552351951599,,,,normalize_5s_intro_Jtv4satRsP0.wav,,,,,,,,,,,,,,,,,,,,,,,,,,,0.05947466939687729,0.03843677416443825,,,,,,,,,,,,,,,,,,,,,,,,,,,,,,,,0.03122566267848015,,,0.07243140786886215,0.06368705630302429,,,,0.038762208074331284,,,0.04086673632264137,0.030149105936288834,,,,,,,,,,,,,,,,,,,,,,,,,,,,,,,,,,,,,,,,,,,,,,,,,,,,,,,,,,,,,,,,,,,,,,,,,,,,,,,,,,,,,,,,,,,,,
158,,,,,0.8585312962532043,,0.018249142915010452,,0.021730821579694748,,normalize_5s_intro_ZvrysfBDzSs.wav,,,,,,,,,,,,,,,,,,,,,,,,,,,0.18915793299674988,,,,,,,,,,,,,,,,,,,,,,,,,,,,,,,,,,,,,0.32435405254364014,,,,0.016422854736447334,,,0.13969823718070984,0.22628945112228394,,,,,,,,,,,,,0.0332464724779129,,,,,,0.027308162301778793,,,,,,,,,,,,,,,,,,,,,,,,,,,,,,,,,,,,,,,,,,,,,,,,,,,,,,,,,,,,,,,,,,,,,,,,,,
159,,,,,0.8376463651657104,,0.8247567415237427,,,,normalize_5s_intro_RHGfkuJv0j0.wav,,,,,,0.8084306120872498,,0.5162026286125183,,,,,,,,,0.226480633020401,0.19484290480613708,,,,,,,,,,0.08427075296640396,,,,,,,,,,,,,,,,,,,,,,,,,,,,,,,,,0.18450239300727844,,,,,,,,,,,,,,,,,,,,,,,,,,,,,,,,,,,,,0.1269974410533905,,,,,,,,,,,,,,,,,,,,,,,,,,,,,,,,,,,,,,,,,,,,,,,,,,,,,,,,,,,,0.23918002843856812,,,,,,,
160,,,,,0.7949126958847046,,0.12073589116334915,,0.03516233712434769,,normalize_5s_intro_gyegm85BPPA.wav,,,,,,,,,,,,,,,,,,,,,,,,,,,,,,0.024190077558159828,,0.025945061817765236,,,,,,,,,,,,,,,,,,,,,,,0.06040818989276886,0.08514371514320374,,,0.0465993732213974,,,,,,,,,,,,,,,,,,,,,,,,,,,,,,,,,,,,0.027124587446451187,,,,,,,,,,,,,0.052387792617082596,,,,,,,,,,,,,,,,,,,,,,,,,,,,,,,,,,,,,,,,,,,,,,,,,,,,,,,,,
161,,,,,0.8757333159446716,,0.8563623428344727,,,,normalize_5s_intro_v0UvOsCi8mc.wav,,,,,,,,,,,,,0.7051300406455994,,,,0.8710063099861145,0.8187083005905151,0.452371746301651,,,,,,0.07765623927116394,0.04021907225251198,,,,,,,,,,,,,,,,,,,,,,,,,,,,,,,,,,,,,,,,,,,,0.04860854148864746,,,,,,,,,,,,,,,,,,,,,,,,,,,,,0.028216227889060974,,,,,,,,,,,,,,,,,,,,,,,,,,,,,,,,,,,,,,,,,,,,,,,,,,,,,,,,,,,,,,,,,,
162,,,,,0.8426716327667236,,,,,,normalize_5s_intro_4jvQFLlRQlo.wav,0.03518088161945343,,,,,,,,,,,,,,,,,,,,,,,,,,0.20024822652339935,,,,0.11391417682170868,,,,,,,,,,,,,,,,,,,,,,,,0.03381155803799629,0.046298619359731674,,,,,,,,0.07901448011398315,,,,0.08347269147634506,,,0.08383957296609879,0.07340674102306366,,,,,,,,,,,,,,,,,,,,,,,,,,,,,,,,,,,,,,,,,,,,,,,,,,,,,,,,,,,,,,,,,,,,,,,,,,,,,,,,,,,,,,,,,,,,,
163,,,,,0.7223626971244812,,0.582824170589447,,0.019862761721014977,,normalize_5s_intro_hHItMz0gfaU.wav,,,,,,,,,,,,,,,,,,,,,,,,,,0.024006159976124763,,0.06639204919338226,0.5620023012161255,0.7107898592948914,,0.7499750256538391,,,,,,,,,,,,,,,,,,,,,,,,,,0.024157200008630753,,,,,,,,,,,,,,,0.021807929500937462,,,,,,,,,,,,,,,,,,,,,,,,,,,,,,,,,,,,,,,,,,,,,,,,,,,,,,,,,,,,,,,,,,,,,,,,,,,,,,,,,,,,,,,,,,,,
164,,,,,0.9120866060256958,,0.17527754604816437,,,,normalize_5s_intro_csHiDQXIggE.wav,,,,,,0.043766483664512634,,,,0.341299444437027,0.10483168810606003,0.2875943183898926,,,,,,,,,,,,,,,,,,,,,,,,,,,,,,,,,,,,,,,,,,0.0517316535115242,,,,,,0.04008378088474274,,,,,,,,,,,0.0371166355907917,,,,,,,,,0.3043079972267151,,,,,,,,,,,,,,,,,,,,,,,,,,,,,,,,,,,,,,,,,,,,,,,,,,,,,,,,,,,,,,,,,,,,,,,,,,,,,,,,,,,,,
165,0.041303083300590515,,,,0.8836364150047302,,0.2003704458475113,,0.09529352188110352,,normalize_5s_intro_HwcCBnfhsR4.wav,,,,,,,,,,,,,,,,,0.22380968928337097,0.18690596520900726,0.05702695623040199,,,,0.02937176078557968,,0.07230892777442932,,,,,,,,,0.0396125353872776,,,,,,,,,,,,,,,,,,,,,,,,,,,,,,,,,,,,,,,,,,,,,,,,,,,,,,,,,,,,,,,,,,,,,,,,,,,,,,,,,,,,,,,,,,,,,,,,,,,,,,,,,,,,,,,,,,,,,,,,,,,,,,,,,,,
166,,,,,0.7155128121376038,,0.27356746792793274,,,,normalize_5s_intro_C90sY_Ht6Ig.wav,,,,,,,,0.05479380488395691,,,,,,,,,,,,,,,,,,,,0.0871826633810997,,0.1415528953075409,,0.19538044929504395,,,,,,,,,,,,,,,,,,,,,,,,,,,,,,,0.1005571261048317,,,,,,,,,,,,,,,,,,,,,,,,,,,,,,,,,0.06384208053350449,,,,,,,,,0.1441194713115692,,,,,,,,,,,,,,,,,,,,,,,,,,,,,,,0.06307872384786606,,,,,,,,,,,,,,,,,,,,,,,,,,,,,
167,,,,,0.7071363925933838,,0.06755029410123825,,,0.07198614627122879,normalize_5s_intro_wAJMhJpSCIc.wav,,,,,0.041734933853149414,,,,0.0320764034986496,,,,,,,,,0.03789326176047325,,,,,,,,,,,,,,,,,,,,,,,,,,,,,,,,,,,,,,,,,,,,,,,,,,,,,,,0.0981239452958107,,,,,,,,,,,,,,,,,,,,,,,,,0.05259236320853233,,,,,,,,,,,,,,,,,,,0.11017980426549911,,,,,,,,,,,,,,,,,,,,,,,,,,,,,,,,,,,,,,,,,,0.04234788566827774,,,,,,
168,,,,,0.7939138412475586,,0.2929404675960541,,0.0313916951417923,,normalize_5s_intro_sPlXrbVLdO8.wav,,,,,,0.04737081751227379,,0.05385615676641464,,,,0.022315707057714462,,,,,0.1146155521273613,0.11883915960788727,,,,,,,,,,0.02352801337838173,,,,,,,,,,,,,,,,,,,,,,,,,,,,,,,,,0.02301005832850933,,,,,,,,,,,,,,,,,,,,,,,,,,,,,,,,,,,,,,,,,,,,,,,,,,,,,,,,,,,,,,,,,,,,,,,,,,,,,,,,,,,,,,,,,,,,,,,,,,,,,,,,
169,,,,,0.7937248349189758,,0.03323358669877052,,0.043172262609004974,,normalize_5s_intro_nFOLhtsyvMA.wav,,,,,,,,,,,,,,,,,,,,0.08578206598758698,,,,,,,,,,,,,,,,,,,,,,,,,,,,,,,,,,,,,,,,,,,,0.028275473043322563,,,,0.04008907452225685,,,0.03440377488732338,,,,,,,,,,,0.02928345464169979,,,,,,0.0384199321269989,,,0.028713833540678024,,,,,,,,,,,,,,,,,,,,,,,,,,,,,,,,,,,,,,,,,,,,,,,,,,,,,,,,,,,,,,,,,,,,,,,,,,
170,,,,,0.7308446168899536,,0.07280018925666809,,,,normalize_5s_intro_FhvXg70ycrM.wav,,,,0.0724647268652916,0.04638582095503807,,,,,,,,,,,,,,,,,,,,,,,0.04782586172223091,,0.05267857387661934,0.1649215817451477,0.07323727756738663,,,,,,,,,,,,,,,,,,,,,,,,,,,,,,,,,,,0.116840660572052,,,,,,0.05334741994738579,,,,,,,,,,,,,,,,,,,,,,,,,,,,,,,,,,,,,,,,,,,,,,,,,,,,,,,,,,,,,,,,,,,,,,,,,,,,,,,,,,,,,,,,,,,,
171,,,,,0.8550961017608643,,0.0926370695233345,,,,normalize_5s_intro_RpJz01guPMY.wav,,,,,,,,,,,,0.054795075207948685,,,,,,,,,,,,,,,0.09156764298677444,,,0.049177370965480804,,,,,,,,,,,,,,,,,,,,,,,,,,,,,,0.03929002955555916,,,,0.08755195885896683,,,,,,,0.08961085975170135,0.1542777121067047,,,,,,,,0.07177944481372833,,,,,,,,,,,,,,,,,,,,,,,,,,,,,,,,,,,,,,,,,,,,,,,,,,,,,,,,,,,,,,,,,,,,,,,,,,,,,,,,,,,,,
172,,,,,0.8000589609146118,,0.3759872615337372,,0.05948156490921974,0.19458381831645966,normalize_5s_intro_DyQ_9p6y89c.wav,,,,,,,,,,,,,0.06590975075960159,,,,0.21471180021762848,0.22290517389774323,,,,,,,,,,,,,,,,,,,,,,,,,,,,,,,,,,,,,,,,,,,,,,,,,,,,,,,,,,,,,,,,,,,,,,,,,,,,,,,,0.1508171707391739,0.061554472893476486,,,,,,,,,,,,,,,,,,0.22542577981948853,,,,,,,,,,,,,,,,,,,,,,,,,,,,,,,,,,,,,,,,,,,,,,,,
173,,,,,0.8079727292060852,,0.02785603702068329,,0.06871609389781952,,normalize_5s_intro_Wo2qUD1g7xM.wav,,,,,0.04344590753316879,,,,,,,,,,,,,,,,,,,,,,0.0804450660943985,,,,0.06727517396211624,,,,,,,,,,,,,,,,,,,,,,,,,,,,,,,,,0.053809840232133865,,,0.022256696596741676,,,,0.044447388499975204,0.02422758750617504,,,,,,,,,,,,,,,,,,,,,,,,,,,,,,,,,,,,,,,,,,,,,,,,,,,,,,,,,,,,,,,,,,,,,,,,,,,,,,,,,,,,,,,,,,,,,
174,,,,,0.5695539116859436,,0.32026994228363037,,,,normalize_5s_intro_9DP0yMwvyWE.wav,,,,,,,,,,,,,,,,,,,,,,,,,,,,0.03715074434876442,,,,,,,,,,,,,,,,,,,,,,,,,,,,,,,,,,,0.20678500831127167,,,,,,,,,,,,,0.14215853810310364,,,,,,,,,,,,,0.8706408739089966,,,,,,,,,,,,,,,,,,,,,,,,,,,,,,,,,,,,,,,,,,,0.17866027355194092,0.8596951961517334,0.6874754428863525,,,,0.08134325593709946,,,,,,,,,,,,,,,,,,,,,,,,,,,
175,,,0.07397926598787308,,0.6034411787986755,,0.0797235518693924,,,,normalize_5s_intro_S2RnxiNJg0M.wav,,,,,,,,,,,,,,,,,,,,,,,,,,,,,0.06803920865058899,0.05824626237154007,,0.06354767829179764,,,,,,,,,,,,,,,,,,,,,,,0.27874210476875305,0.19765183329582214,,,,,,,,,,,,,,,,,0.09640349447727203,,,,,,,,,,,,,,,,,,,,,,,,,,,,,,,,,,,0.18916578590869904,,,,,,,,,,,,,,,,,,,,,,,,,,,,,,,,,,,,,,,,,,,,,,,,,,,,,,,,,
176,,,,,0.8666628003120422,,0.37105563282966614,,,,normalize_5s_intro_PYM9NUU9Roc.wav,,,,,,,,,,,,,,,,,0.30694523453712463,0.2038189172744751,,,,,,,,,,,,,,,,,,0.09462229907512665,,0.09692966192960739,0.1192522943019867,,0.16151481866836548,0.1943599283695221,,,,,,,,,,,,,,,,,,,,,,,,,,,,,,,,,,,,,,,,,,,,,,,,,,,,,,,,,,,,,,,,,,,,,,,,,,,,,,,0.09193114191293716,,,,,,,,,,,,,,,,,,,,,,,,,,,,,,,,,,,,,,,,,,,,
177,,,,,0.9183174967765808,,0.6690422296524048,,0.05404384806752205,,normalize_5s_intro_IISA6t-9zzc.wav,,,,,,,,,,,,,0.5336264967918396,,,0.06727782636880875,0.7201793193817139,0.6239097714424133,0.30979815125465393,,,,,,0.04606306180357933,,,,,,,,,,,,,,,,,,,,,,,,0.13840708136558533,,,,,,,,,,,,,,,,,,,,,,,,,,,,,,,,,,,,,,,,,,,,,,,,,,,,,,,,,,,,,,,,,,,,,,,,,,,,,,,,,,,,,,,,,,,,,,,,,,,,,,,,,,,,,,,,,,,,
178,,,,,0.8816097974777222,,0.24678246676921844,,,,normalize_5s_intro_YOKq1VmEbtc.wav,,,,,,,,,,,,,,,0.04537340626120567,,0.23837310075759888,0.1733793169260025,0.05129599943757057,0.083863265812397,,0.0649556815624237,,,0.06480066478252411,,,,,,,,,,,0.0695507600903511,,,,,,,,,,,,,,,,,,,,,,,,,,,,,,,,,,,,,,,,,,,,,,,,,,,,,,,,,,,,,,,,,,,,,,,,,,,,,,,,,,,,,,,,,,,,,,,,,,,,,,,,,,,,,,,,,,,,,,,,,,,,,,,,,
179,,,,,0.8992896676063538,,0.7124449014663696,,,,normalize_5s_intro_uUfPwlxFFJM.wav,,,,,,0.10418985038995743,,,,,,,,,,,0.6862443685531616,0.6126624345779419,0.11656558513641357,,,,,0.22303526103496552,0.30822697281837463,,,,,,,,,,,,,,,,,,,,,,,,,,,,,,,,,,,,,,,,0.16359348595142365,,,,,,,,,,,,,0.11089818179607391,,,,,,,,,,,,,,,,,,,,,,,,,,,,,,,,,,,,,,,,,,,,,,,,,,,,,,,,,,,,,,,,,,,,,,,,,,,,,,,,,,,,,,,
180,,,,,0.7549751400947571,,0.5673741698265076,,,,normalize_5s_intro_qAiwzv8N7rM.wav,,,,,,0.42759186029434204,0.08606766909360886,0.19332072138786316,,,,,,,,,,,,,,,,,,,,,,,,,,,,,,,,,,,,,,,,,,,,,,,,,,,,,,,0.07751864939928055,,,,,,,,,,,,,0.10364283621311188,,,,,,,,,,,,,0.32951855659484863,,,,,,,,,,,,,,,,,,,,,,,,,,,,,,,,,,,,,,,,,,,,,0.25618982315063477,,,,0.23863786458969116,,,,,,,,,,,,,,,,,,,,,,,,,,,
181,,,,,0.7966088056564331,,0.12236043065786362,,0.08363661170005798,,normalize_5s_intro_2UL-1MOlSPw.wav,,,,,,,,,,,,,,,,,0.07406466454267502,0.05330423638224602,,,,,,,,0.024876615032553673,,,,,,,,,,,,,,,,,,,,,,,0.047387491911649704,,,,,,,,,,,,,,,,,,0.041075486689805984,0.054515011608600616,,,,,,,,,,,,,,,,,,,,,,,,,,,,,,,,,,,,,,,,,,,,,,,,,,,,,,,,,,,,,,,,,,,,,,,,,,,,,,,,,,,,,,,,0.04808114096522331,,,,,,,,,
182,,,,,0.8101839423179626,,0.33074912428855896,,,,normalize_5s_intro_lEHM9HZf0IA.wav,,,,,,,,,,,,,,,,,0.1262962818145752,0.19000139832496643,,,,,,,,0.04580535739660263,,,,0.03598972409963608,,0.03333305940032005,,,,,,,,,,,,,,,,,,,,,,,,,,,,,,,,,,,,,,,,,,,,,,,,,,,,,,,,,,,,,,,,,,0.05576137453317642,,,,,,,,,,,,,,,,,,,0.16526292264461517,,,,,,,,,,,,,,,,,,,,,,,,,0.0446883924305439,,,,,,,,,,,,,,,,,,,,,,,
183,,,,,0.876762330532074,,0.571682333946228,,,0.1901945322751999,normalize_5s_intro_YEq-cvq_cK4.wav,,,,,,,,,,,,,0.16200374066829681,,,,0.4620884656906128,0.49692413210868835,0.0867139995098114,,,,,,,,,,,,,,,,,,,,,,,,,,,,,,,,,0.055591218173503876,,,,,,,,,,,,,,,,,,0.184940367937088,,,,,,,,,,,,,,,,,,,,,,,,,,,0.25094830989837646,,,,,,,,,,,,,,,,,,,,,,,,,,,,,,,,,,,,,,,,,,,,,,,,,,,,,,,,,,,,,,,,,,,,
184,,,,,0.8762959837913513,,0.0626215785741806,,0.02683536522090435,,normalize_5s_intro_vgZv7Uu4YrA.wav,,,,,,,,,,,,,,,,,,,,,,,,,,,,,,,,,,,,,,,,,,,,,,,,,,,,,,,,,,,,,,,,,,,,0.15083840489387512,,,,,,0.07432059943675995,0.10516273975372314,,,,,,,,,,,0.029749877750873566,,,,,,0.03310558572411537,0.032193440943956375,,,,,,,,,,,,,,,,,,,,,,,,,,,,,,,,,,,,,,,,,,,,,,,,,,,,,,,,,,,,,,,,,,,0.07824918627738953,,,,,
185,,,,,0.8884926438331604,,0.13909447193145752,,0.14100059866905212,,normalize_5s_intro_HiPkwl5p1GY.wav,,,,,,,,,,,,,,,,,,,,,,,,,,,,,,,,,,,,,,,,,0.031020337715744972,,,,,,,,,0.09778662025928497,,0.04345260560512543,0.08083364367485046,0.031793370842933655,,,,,,,,,,,,,,,,,,,,,,,,,,,,,,,,,,,,,,,,,,,,,,,,,,,,,,,,,,,,,,,,,,,,,,,,,,,,,,,,,0.06721309572458267,,,,,,,,,0.045746225863695145,,,,,,,,,,,,,,,,,,,,,
186,,,,,0.8515724539756775,,0.16656969487667084,,0.04351485148072243,,normalize_5s_intro_RCJx5VW-fQI.wav,,,,,,,,,,,,,,,,,,,,,,,,,,,,,,,,,,,,,,,,,0.03966237232089043,,,,,,,,0.06738550215959549,0.05922981724143028,0.07898063957691193,0.4824272394180298,,0.8405622839927673,,,,,,,,,0.07007485628128052,,,,,,,,,,,,,,,,,,,,,,,,,,,,,,,,,,,,,,,,,,,,,,,,,,,,,,,,,,,,,,,,,,,,,,,,,,,,,,,,,,,,,,,,,,,,,,,,,,,,,,
187,,,,,0.8077594041824341,,0.24364064633846283,,0.06383261829614639,,normalize_5s_intro_aIJuCcGFJkc.wav,,,,,,,,,,,,,,,,,0.08312743157148361,0.061227038502693176,,0.05557011812925339,,,,,,,,,0.05094752460718155,0.08262058347463608,,0.07683218270540237,,,,,,,,,0.050994355231523514,,,,,,,,,,,,,,,,,,,,,,,,,,,,,,,,,,,,,,,,,,,,,,,,,,,,,,,,,,,,,,,,,,,,,,,,,,,,,,,,,,,,,,,,,,,,,,,,,,,,,,,,,,,,,,,,,,,,,,,,,,,,
188,,,,,0.9260607361793518,,0.5642764568328857,,,,normalize_5s_intro_S-zQJFRX5Fg.wav,,,,,,,,,,,,,0.12894006073474884,,,,0.5473663210868835,0.47107014060020447,0.24462606012821198,,,,0.06803609430789948,,0.2218540757894516,,,,,,,,,0.13479159772396088,,,,0.05333571135997772,,,,,,,,,,,,,,,,,,,,,,,,,,,,,,,,,,,,,,,,,,,,,,,,,,,,,,,,,,,,,,,,,,,,,,,,,,,,,,,,,,,,,,,,,,,,,,,,,,,,,,,,,,,,,,,,,,,,,,,,,,,,,,,
189,,,,,0.8906625509262085,,0.1826585829257965,,,,normalize_5s_intro_7ZgPGMfUVek.wav,,,,,,0.05807676538825035,,,0.04068702459335327,0.17436331510543823,,0.4030107855796814,,,,,,0.03896491229534149,,,,,,,,,,,,,,,,,,,,,,,,,,,,,,,0.05486227571964264,,,,,,,,,,,0.07995875179767609,,,,,,,,,,,,,,,,,,,,0.10093654692173004,,,,,,,,,,,,,,,,,,,,,,,,,,,,,,,,,,,,,,,,,,,,,,,,,,,,,,,,,,,,,,,,,,,,,,,,,,,,,,,,,,,,,
190,,,,,0.8953360915184021,,0.548728346824646,,,,normalize_5s_intro_Et-YdmSo_3A.wav,,,,,,0.07167312502861023,,0.040435612201690674,,,,,0.07732592523097992,,,,0.3371545672416687,0.3457626402378082,0.07215425372123718,,,,,,0.07019583880901337,0.04294104874134064,,,,,,,,,,,,,,,,,,,,,,,,,,,,,,,,,,,,,,,,,,,,,,,,,,,,,,,,,,,,,,,,,,,,,,,,,,,,,,,,,,,,,,,,,,,,,,,,,,,,,,,,,,,,,,,,,,,,,,,,,,,,,,,,,,,,,,,,,,,
191,,,,,0.9072844982147217,,0.7382401823997498,,,,normalize_5s_intro_GsPq9mzFNGY.wav,,,,,,,,,,,,,0.20927006006240845,,,,0.7653148174285889,0.6933444142341614,0.19741900265216827,,,,0.10460337996482849,,0.2807219326496124,0.12390396744012833,,,,,,,,,,,,,,,,,,,,,,,,,,,,,,,,,,,,,,,,,,,,,,,,,,,,0.07645441591739655,,,,,,,,,,,,,,,,,,,,,,,,,,,,,,,,,,,,,,,,,,,,,,,,,,,,,,,,,,,,,,,,,,,,,,,,,,,,,,,,,,,,,,,
192,,,,,0.8671581745147705,,0.05163721367716789,,,,normalize_5s_intro_0QN9KLFWn7I.wav,0.14903698861598969,,,,,,,,,,,,,,,,,,,,,,,,,,0.029893813654780388,,,,,,,,,,,,,,,,,,,,,,,,,,,,,,,,,,,,,0.03232615068554878,,,,0.26757943630218506,,,0.04415622353553772,,,0.0485350526869297,0.04021385312080383,,,,,,,,,,,,,,,,,,0.039768557995557785,,,,,,,,,,,,,,,,,,,,,,,,,,,,,,,,,,,,,,,,,,,,,,,,,,,,,,,,,,,,,,,,,,,,,,,,
193,,,,,0.8722684979438782,,0.24413007497787476,,,,normalize_5s_intro_42O51bcJyq0.wav,,,,,,0.2574096620082855,,0.0629836693406105,,0.06492409110069275,0.0507487952709198,0.06187458708882332,,,,,,,,,,,,,,,,,,,,,,,,,,,,,,,,,,0.07635027915239334,,,,,,,,,,,,,,0.06489177793264389,,,0.05039074644446373,,,,,,,,,,,,,,,,,,,,,,,,,,,,,,,,,,,,,,,,,,,,,,,,,,,,,,,,,,,,,,,,,,,,,,,,,,,,,,,,,,,,,,,,,,,,,,,,,,,,,,
194,,,,,0.7421092391014099,,0.2977355718612671,,,,normalize_5s_intro_Yyvo9O8fN-A.wav,,,,0.058334119617938995,0.04317539557814598,,,,,,,,,,,,,,,,,,,,,,,0.05178707465529442,0.33002322912216187,0.3947616517543793,0.08060331642627716,0.4447164535522461,,,,,,,,,,,,,,,,,,,,,,,,,,,,,,,,,,,,,,,,,0.05698445811867714,,,,,,,,,,,,,,,,,,,,,,,,,,,,,,,,,,,,,,,,,,,,,,,,,,,,,,,,,,,,,,,,,,,,,,,,,,,,,,,,,,,,,,,,,,,,
195,,,,,0.8247376084327698,,0.06072509288787842,,0.032841265201568604,,normalize_5s_intro_v2seHL0pwbg.wav,,,,,,0.020490139722824097,,,,,,,,,,,,,,,,,,,,,0.04298558086156845,,,,0.01790725439786911,,,,,,,,,,,,,,,,,,,,,,,,,,,,,,,,,0.022273942828178406,,,0.016603203490376472,0.024756647646427155,,,0.029004335403442383,,,,,,,,,,,,,,,,,,,,,,,,,,,,,,,,,,,,,,,,,,,,,,,,,,,,,,,,,,,,,,,,,,,,,,,,,,,,,,,,,,,,,,,,,,,,,,
196,,,,,0.8706326484680176,,0.5124847888946533,,,,normalize_5s_intro_uo8qDCDZhK0.wav,,,,,,,,,,,,,0.1523175835609436,,0.1013050228357315,,0.5195844769477844,0.37532323598861694,0.1412283182144165,,,,,,0.13152484595775604,,,,,,,,,,,0.15723030269145966,,,0.15826848149299622,,,,,,,,,,,,,,,,,,,,,,,,,,,,,,,,,,,,,,,,,,,,,,,,,,,,,,,,,,,,,,,,,,,,,,,,,,,,,,,,,,,,,,,,,,,,,,,,,,,,,,,,,,,,,,,,,,,,,,,,,,,,,,
197,,,,,0.8037510514259338,,0.32626932859420776,,0.4041813611984253,0.19142675399780273,normalize_5s_intro_nn5nypm7GG8.wav,,,,,,,,,,,,,,,,,0.16895148158073425,0.23205505311489105,,,,,,,,,,,,,,,,,,,,,,,,,,,,,,,,,,,,,,,,,,,,,,,,,,,,,,,,,,,,,,,,,,,,,0.0694824680685997,,,,,,,,,,0.13354437053203583,0.13552682101726532,0.09800230711698532,,,,,,,,,,,,,,,,,,,,,,,,,,,,,,,,,,,,,,,,,,,,,,,,,,,,,,,,,,,,,,,,,,
198,,,,,0.7747137546539307,,0.07008430361747742,,0.029807033017277718,,normalize_5s_intro_xqzOxMdhmzU.wav,,,,,,,,,,0.03091352805495262,,,,,,,,,,,,,,,,,,,,,,,,,,,,,,,,,,,,,,,,0.03883451968431473,0.09507890045642853,0.03151978179812431,,0.04880698025226593,,,,,,,,,,,,,,,,,,,,,,,,,0.0982273519039154,,,,0.030271533876657486,,,,,,,,,,,,,,,,,,,,,,,,,,,,,,,,,,,,,,,,,,,,,,,,,,,,,,,,,,,,,,,,,,,,,,,,,,,,,,,,,,
199,,0.10273458063602448,0.08774115890264511,0.2261783629655838,0.5026583671569824,,0.04478025063872337,,,,normalize_5s_intro_EygNk739nnY.wav,,,,,,,,,,,,,,,,,,,,,,,,,,,,,,0.04015789553523064,,,,,,,,,,,,,,,,,,,,,,,,,0.18013978004455566,0.08975201100111008,,,,,,,,,,,,,,,,,,,,,,,,,,,,,,,,,,,,,,,,,,,,,,,,,,,,0.11055593192577362,,,,,0.059508807957172394,,,,,,,,,,,,,,,,,,,,,,,,,,,,,,,,,,,,,,,,,,,,,,,,,,,,
200,,,,,0.8710903525352478,,0.717962384223938,,,,normalize_5s_intro_KKc_RMln5UY.wav,,,,,,,,,,,,,0.6403948664665222,0.03362682834267616,0.026997655630111694,0.04167458787560463,0.7400524020195007,0.6290119886398315,0.44309869408607483,,,,,,0.055051542818546295,,,,,,,,,,,,,,,,,,,,,,,,,,,,,,,,,,,,,,,,,,,,,,,,,,,,,,,,,,,,,,,,,,,,,,,,,,,,,,,,,,,,,,,,,,,,,,,,,,,,,,,,,,,,,,,,,,,,,,,,,,,,,,,,,,,,,,,,,,,,
201,,,,,0.7516051530838013,,0.11807909607887268,,,,normalize_5s_intro_SCBxmcwmX7U.wav,,,,,,,,,,,,,,,,,0.0712355300784111,0.04729510098695755,,,,,,,,,,,,,,,,,,,,,,,,,,,,,,,,,,,,,0.03696107864379883,0.04562743380665779,0.06613150984048843,,,,,,,,,,0.20767688751220703,,,,,,,,,,,,,,,,,,,,,,,,,,,,,,,,,,,,,,,,,0.036396902054548264,,,,,,,,,,,,,,,,,,,,,,,,,,,,,,,,,,,,,,0.048330117017030716,,,,,,,,,,,,,,,,,,,
202,,,,,0.846163809299469,,0.26332294940948486,,0.04978524520993233,,normalize_5s_intro_ZBBS4imv1qo.wav,,,,,,0.14393694698810577,0.08559116721153259,,0.19118459522724152,0.0677228718996048,,0.21183644235134125,,,,,,,,,,,,,,,,0.033730413764715195,,,,,,,,,,,,,,,,,,,,,,,,,,,,,,,,,,,,,,,,,,,,,,,,,,,,,,,,,,,,,,,,,,,,,,,,,,,,,,,,,,,,,,,,,,,,,,,,,,,,,,,,,,,,,,,,,,,,,,,,,,,,,,,,,,,,,0.09276194870471954,,,,
203,,,,,0.9125010967254639,,0.8982723355293274,,,,normalize_5s_intro_j3DigipQ_hQ.wav,,,,,,,,,,,,,0.6909623742103577,,,,0.9086024165153503,0.8443674445152283,0.42484530806541443,,,,0.06483952701091766,,0.09919090569019318,0.05158771947026253,,,,,,,,,,,,,,,,,,,,,,,,,,,,,,,,,,,,,,,,,,,,,,,,,,,,,,,,,,,,,,,,,,,,,,,,,,,,,,,,,,,,,,,,,,,,0.033738039433956146,,,,,,,,,,,,,,,,,,,,,,,,,,,,,,,,,,,,,,,,,,,,,,,
204,,,,,0.8252771496772766,,0.07857712358236313,,,,normalize_5s_intro_MY4YJxn-9Og.wav,,,,,,,,,,,,,,,,,0.033492714166641235,0.026900816708803177,,0.03509481996297836,,0.04572580009698868,,,,,0.028932536020874977,,,,,,,,,,,,,,,,,,,,,,,,,,,,,,,,,,,,,0.02463931031525135,,,,,,,0.02888457290828228,,,,,,,,,0.02604394406080246,,,,,,,,,,,,,,,,,,,,,,,,,,,,,,,,,,,,,,,,,,,,,,,,,,,,,,,,,,,,,,,,,,,,,,,,,,,,,,,,,,,,,
205,,,,,0.8209488987922668,,0.06180181726813316,,,,normalize_5s_intro_-8cFfkyk7vA.wav,,,,,,,,,,,,,,,,,,,,0.050172463059425354,,,,,,,,,,,,,,,,,,,,,,,,,,0.041217003017663956,,,,0.09931335598230362,0.11117201298475266,0.049568235874176025,,0.0510403998196125,,,,,,,,,,,,,,,,,,,,,,,,,0.1264062374830246,,,,0.07858074456453323,,,,,,,,,,,,,,,,,,,,,,,,,,,,,,,,,,,,,,,,,,,,,,,,,,,,,,,,,,,,,,,,,,,,,,,,,,,,,,,,,,
206,,,,,0.7033094167709351,,0.2595727741718292,,,,normalize_5s_intro_EH1OEWJ9C5w.wav,,,,,,,,,,,,,,,,,,,,,,,,,,,,,0.19647711515426636,0.2589840292930603,,0.24338170886039734,,,,,,,,,,,,,,,,,,,,,,,0.13082857429981232,0.12908858060836792,,0.07018391788005829,0.11273322254419327,,,,,,,,,,,,,,,,,,,,,,,,,,,,,,,,,,,,,,,,,,,,,,,,,0.10026758909225464,,,,,,,,,,,,,,,,,,,,,,,,,,,,,,,,,,,,,,,,,,,,,,,,,,,,,,,,,
207,,,,,0.8323035836219788,,0.10971319675445557,,,,normalize_5s_intro_9nWpMZFrbvI.wav,,,,0.058359451591968536,0.07415508478879929,,,,,,,,,,,,,,,,,,,,,,0.04142715409398079,,,,0.07082317769527435,,,,,,,,,,,,,,,,,,0.04312976449728012,,,,,,,,,,,0.06406198441982269,,,,,,,,,,,,,,,,,,,,,,,,,,,,,,,,,,,,,,,,,,,,,,,,,,,,0.04836466908454895,0.0679434984922409,,,,,,,,,,,,,,,,,,,,,,,,,,,,,,,,,,,,,,,,,,,,,,,,,,,,
208,,,,,0.7169690728187561,,0.1609353870153427,,,,normalize_5s_intro_i0MrGb1hT2U.wav,,,,0.05846720561385155,0.049551405012607574,,,,,,,,,,,,,,,,,,,,,,0.03965837508440018,,0.14645925164222717,0.19740046560764313,0.14560571312904358,0.22102896869182587,,,,,,,,,,,,,,,,,,,,,,,,,,,,,,,,,,,0.042005255818367004,,,,,,,,,,,,,,,,,,,,,,,,,,,,,,,,,,,,,,,,,,,,,,,,,,,,,,,,,,,,,,,,,,,,,,,,,,,,,,,,,,,,,,,,,,,,,,,,,,
209,,,,,0.7529574036598206,,0.07301025837659836,,0.024855438619852066,,normalize_5s_intro_3gjfHYZ873o.wav,,,,,,,,,,,,,,,,,,,,,,,,,,,,,,,,,,,,,,,,,,,,,,0.0729791596531868,,,,,,,,,,,,,,,,,,,,,,,,,,,,,,,,,,,,,,0.05520888790488243,0.029360514134168625,0.08550722897052765,,,0.05566925182938576,,,,,,,0.10718309879302979,,,,,,,,,,,,,,,,,,,,,,,,,,,,,,,,,,,,,0.029729695990681648,,,,,,,,,,,,,,,,,,,,,,,,,,,,,,,,
210,,,,,0.8663161993026733,,0.22795888781547546,,,,normalize_5s_intro_7LuQQP-DAoc.wav,,,,,,,,,,,,,,,,,0.21265347301959991,0.1471061259508133,0.06916972249746323,,,,,,,,,,,,,,,0.10840953141450882,0.10623245686292648,,0.09872584789991379,0.14110957086086273,0.08006074279546738,,,,,,,,,,,,,,,,,,,,,,,,,,,,,,,,,,,,,,,,,,,,,,,,,,,,,,,,,,,,,,,,,,,,,,,,,,,,,,,,,,,,,,,,,,,,,,,,,,,,,,,,,,,,,,,,,,,,,,,,,,,,,,
211,,,,,0.8897894024848938,,0.3722783029079437,,0.07754817605018616,,normalize_5s_intro_jII5qoCrzYE.wav,,,,,,,,,,,,,0.10312333703041077,,,,0.3640807271003723,0.29722338914871216,0.0857195034623146,0.06675278395414352,,,,,,0.0623454712331295,,,,,,,,,,,,,,,,,,,,,,,,,,,,,,,,,,,,,,,,,,,,,,,,,,,,,,,,,,,,,,,,,,,,,,,,,,,,,,,,,,,,,,,,,,,,,,,,,,,,,,,,,,,,,,,,,,,,,,,,,,,,,,,,,,,,,,,,0.08287644386291504,,,
212,,,,,0.89925616979599,,0.20260870456695557,,,,normalize_5s_intro_xT1eOeXlTXg.wav,,,,,,,,,,,,,,,,,0.0664038211107254,0.05273769423365593,,,,,,,,,,,,,,,,,,,,,,,,,,,,,,,,,0.067550428211689,0.04287748038768768,,0.07154954969882965,,,,,,,,,,,,,,0.06741492450237274,,,,,,,,,,,0.09575731307268143,,,,,,,,,,,,,,,,,,,,,0.030844207853078842,,,,,,,,,,,,,,,,,,,,,,,,,,,,,,,,,,,,,,,,,,,,,,,,,,,,,,,,,,,,,,,,,
213,,,,,0.814980149269104,,0.3210318088531494,,,0.16239041090011597,normalize_5s_intro_cUKD9tEeBp0.wav,,,,,,,,,,,,,0.1465015858411789,,,,0.27215129137039185,0.26192182302474976,0.06821484863758087,,,,,,,,,,,,,,,,,,,,,,,,,,,,,,,,,,,,,,,,,,,,,,,,,,,0.07645124197006226,,,,,,,,,,,,,,,,,,,,,,,,,,,0.06635930389165878,,0.05582789331674576,,,,,,,,,,,,,,,,,,,,,,,,,,,,,,,,,,,,,,,,,,,,,,,,,,,,,,,,,,,,,,,,,,
214,,,,,0.8011085391044617,,0.4988528788089752,,,,normalize_5s_intro_1Ngn3fZIK2E.wav,,,,0.021308543160557747,0.038656722754240036,,,,,,,,,,,,,,,,,,,,,,,0.07242743670940399,0.48585572838783264,0.5434128642082214,,0.5909101366996765,,,,,,,,,,,,,,,,,,,,,,,,,,,,,,,,,,,,,,,,,0.03878474235534668,,,,,,,,,,,,,,,,,,,,,,,,,,,,,,0.04261540248990059,,,,,,,,,,,,,,,,,,,,,,,,,,,,,,,,,,,,,,,,,,,,,,,,,,,,,,,,,,,,,,
215,,,,,0.8934616446495056,,0.5816907286643982,,,,normalize_5s_intro_j9KKh215HTs.wav,,,,,,,,,,,,,,,,,0.3699398934841156,0.2950570285320282,0.060615770518779755,,,,0.07235538959503174,,0.05914117395877838,,,,,0.07280139625072479,,0.07307762652635574,,,,,,,,,,,,,,,,,,,,,,,,,,,,,,,,,,,,,,,,,,,,0.0695398598909378,,,,,,,,,,,,,,,,,,,,,,,,,,,,,,,,,,,,,,,,,,,,,,,,,,,,,,,,,,,,,,,,,,,,,,,,,,,,,,,,,,,,,,,,,
216,,,,,0.8764126896858215,,0.08656232804059982,,,,normalize_5s_intro_4F1wvsJXXVY.wav,,,,,,,,,,,,,,,,,,,,,,,,,,,,,,,,,,,,,,,,,0.031147252768278122,0.04206635802984238,,,,,,,0.03253749758005142,,,0.727750837802887,,0.9423964023590088,,,,,,,,,0.09732530266046524,,,,,,,,,,,,,,,,,,,,,,,,,,0.09120683372020721,,,,,,,,,,,,,,,,,,,,,,,,,,,,,,,,,,,,,,,,,,,,,0.03702613338828087,,,,,,,,,,,,,,,,,,,,,,,,,,,,,,,
217,,,,,0.740081787109375,,0.4111221134662628,,,,normalize_5s_intro_lE_747E_Sdg.wav,,,,,,,,,,,,,0.1848694533109665,,,,0.20131118595600128,0.16849273443222046,0.09051882475614548,,,,,,,,,,0.16006676852703094,0.3705452084541321,,0.2968232333660126,,,,,,,,,,,,,,,,,,,,,,,,,,,,,,,,,,,,,,,,,,,,,,,,,,,,,,,,,,,,,,,,,,,,,,,0.3674485683441162,,,,,,,,,,,,,,,,,,,,,,,,,,,,,,,,,,,,,,,,,,,,,,,,,,,,,,,,,,,,,,
218,,,,,0.8577739596366882,,0.2218930870294571,,,,normalize_5s_intro_S_-qkv0NZ1g.wav,,,,,,,,,,,,,,,,,,,,,,,,,,,,,,0.025943785905838013,0.03343641012907028,0.027288196608424187,,,,,,,,,0.04671984165906906,,,,,,,,,,,,,,,,,,,,,,,,,,0.06404070556163788,0.026023512706160545,,,,,,,,,,,,,,,,,,,,,,,,,,,0.04875153675675392,,,,,,,,,,,,,,,,,,,,,,,,,,,,,,,,,,,,,,,,0.40064913034439087,,,,,,,,,,,,,,,,,,,,,,,,,,,,,,
219,,,0.031134674325585365,,0.8044160008430481,,0.24399679899215698,,0.0389084592461586,,normalize_5s_intro_Tfypj4UwvvA.wav,,,,,,,,,,,,,,,,,,,,,,,,,,0.02649701200425625,,,,,,,,,,,,,,,,,,,,,,,,,,,,,0.15147899091243744,0.3372076451778412,,,0.28414100408554077,,,,,,,,,,,,,,,,,,,,,,,,,,,,,,,,,,,,0.11285089701414108,,,,,,,,,,,,,0.1337195783853531,,,,,,,,,,,,,,,,,,,,,,,,,,,,,,,,,,,,,,,,,,,,,,,,,,,,,,,,,
220,,,,,0.9233169555664062,,0.12507276237010956,,,,normalize_5s_intro_d7to9URtLZ4.wav,,,,,,,,,,,,,,,,,0.12560856342315674,0.08654491603374481,,,,,,,,,,,,,,,,0.1859324872493744,0.17185498774051666,,0.14321650564670563,0.22535407543182373,,,,,,,,,,,,,,,,,,,,,,,,,,,,,,,,,0.0828339233994484,,,,,,,,,,,,,,,,,,,,0.0949522852897644,,,,,,,,,,,,,,,,,,,,,,,,,,,,,,,,,,,,,,,,,,,,,,,,,,,,,,,,,,,,,,,,,,,,,,,,,,
221,,,,,0.8850261569023132,,0.7191201448440552,,,,normalize_5s_intro_SZaZU_qi6Xc.wav,,,,,,0.0828719362616539,,,,,,,,,,,,0.043848589062690735,,,,,,,,,,,0.2038184106349945,0.4253753125667572,,0.3037605285644531,,,,,,,,,,,,0.13029570877552032,,,,,,,,,,,,,,0.0672045424580574,,,,,,,,,,,,,,,,,,,,,,,,,,,,,,,,,,,,,,,,,,,,,0.3934451639652252,,,,,,,,,,,,,,,,,,,,,,,,,,,,,,,,,,,,,,,,,,,,,,,,,,,,,,,,,,,,,,
222,,,,,0.6512001752853394,,0.5156014561653137,,,,normalize_5s_intro_mYa_9d2Daas.wav,,,,,,,,,,,,,,,,,,,,,,,,,,,,,,,,,,,,,,,,0.5094529390335083,0.6864233613014221,0.7073770761489868,,,,,,,,,,,,,,,,,,,,,,,,,,,,,,,,,,,,,,,,,,,,,,,,,,,,,0.4616535007953644,,,,,,,,,,,,,,,,,,,,,,,,0.44161805510520935,0.4523737132549286,,,,,,,,,,,,,,,,,,,,,,,,,,,,,,,,,,,,,,,,,,,0.19193574786186218,0.1992233842611313,
223,,,,,0.7372855544090271,,0.0582650862634182,,0.03299949690699577,,normalize_5s_intro_EfZ-dVDySzc.wav,,,,,,,,,,,,,0.02240595780313015,,,0.013840002939105034,0.04744599759578705,0.03185265138745308,0.016554487869143486,,,,,,,,0.021497568115592003,,,,,,,,,,,,,,,,,,,,,,,,,,,,,,,,,,,,,,,,,,,,,,,,,,,,,,,,,,,,,,,,,,,,,,,,,,,,,,,,,,,,,,,,,,,,,,,,,,,,,,,,,,,,,,,,,,,0.013622724451124668,,,,,,,,,,,,,,,,,,,,,,,
224,,,,,0.8952537178993225,,0.5738892555236816,,,,normalize_5s_intro_68b_HImZAig.wav,,,,,,,,,,,,,0.12805704772472382,,,,0.5427616834640503,0.4523606300354004,0.2056731879711151,,,,,,0.22763437032699585,,,,,,,,,0.1315039098262787,0.16462938487529755,,,,0.07744388282299042,,,,,,,,,,,,,,,,,,,,,,,,,,,,,,,,,,,,,,,,,,,,,,,,,,,,,,,,,,,,,,,,,,,,,,,,,,,,,,,,,,,,,,,,,,,,,,,,,,,,,,,,,,,,,,,,,,,,,,,,,,,,,,
225,,,,,0.8841782212257385,,0.29197433590888977,,,,normalize_5s_intro_zyQkFh-E4Ak.wav,,,,,,,,,,,,,0.06842481344938278,,0.06110233813524246,0.05007448419928551,0.32466042041778564,0.22877763211727142,0.08203695714473724,,,,,,0.08090315759181976,,,,,,,,,,,0.07878873497247696,,,,,,,,,,,,,,,,,,,,,,,,,,,,,,,,,,,,,,,,,,,,,,,,,,,,,,,,,,,,,,,,,,,,,,,,,,,,,,,,,,,,,,,,,,,,,,,,,,,,,,,,,,,,,,,,,,,,,,,,,,,,,,,,,
226,,,,,0.8442240953445435,,0.2449350208044052,0.17315146327018738,,,normalize_5s_intro_TnsOVDCq_b0.wav,,,,,,0.1998521238565445,,0.04302959516644478,,,,,,,,,,0.02571759559214115,,,,,,,,0.024017423391342163,,,,,,,,,,,,,,,,,,,,,,,,,,,,,,,,,,,,,,,,,,0.0656539648771286,,,,,,0.027617545798420906,,,,,,,,,,,,,,,,,,,,,,,,0.04978819936513901,,,,,,,,,,,,,,,,,,,,,,,,,,,,,,,,,,,,,,,,,,,,,,,,,,,,,,,,,,,,,,,,,,,
227,,,,,0.8293561339378357,,0.06844305992126465,,,,normalize_5s_intro_uo6VU4euIbY.wav,,,,0.2324947565793991,0.14696601033210754,,,,,,,,,,,,,,,,,,,,,,0.22654688358306885,,,,0.2121761441230774,,,,,,,,,,,,,,,,,,,,,,,,,,,,,0.040613964200019836,,,,0.05382058396935463,,,,,,,,,,,,,,,,,,,,,,,,,,,,,,,,,,,,,,,,,,,,,,,,0.044617533683776855,0.06858520954847336,,,,,,,,,,,,,,,,,,,,,,,,,,,,,,,,,,,,,,,,,,,,,,,,,,,,
228,,,,,0.8724320530891418,,0.45775601267814636,,,0.05189355090260506,normalize_5s_intro_mWfWyhzC22U.wav,,,,,,,,,,,,,0.08012274652719498,,,,0.28166311979293823,0.25579410791397095,,,,,,,,,,,,,,,,,,,,,,,,,,,,,,,,,,0.15668262541294098,,0.385885626077652,,,,,,,,,,,,,,,,0.13002680242061615,,,,,,,,,,,,,,,,,,,,,,,,,,,,,,,,,,,,,,,,,,,,,,,0.06963136792182922,,,,,,,,,,,,,,,,,,,,,,,,,,,,,,,,,,,,,,,,,,,,,,,,
229,,,,,0.7958662509918213,,0.6563668251037598,,,,normalize_5s_intro_Mme9REVuidw.wav,,,,,,,,,,,,,,,,,0.42098209261894226,0.400082528591156,,,,,,,,0.10671522468328476,,,,0.10120515525341034,,0.08660739660263062,,,,,,,,,,,,,,,,,,,,,,,,,,,,,,,,,,,,,0.16435813903808594,,,,,,,,,,,,,,,,,,,,,,,,,,,,,,,,,,,,0.12002182751893997,,,,,,,,,,,,,,,,,,,,,,,,,,,,,,,0.07755681127309799,,,,,,,,,,,,,,,,,,,,,,,,,,,,,
230,,,,,0.865548312664032,,0.09874582290649414,,0.035896509885787964,,normalize_5s_intro_JQTlG7NxJek.wav,0.04050389304757118,,,,,,,,,,,,,,,,,,,0.11681526899337769,,0.0492200143635273,,,,,,,,,,,,,,,,,,,,,,,,,,,,,,,,,,,,,,,,,,,,,,0.10087317228317261,,,,,,0.04066719859838486,,,,,,,,,,,,,,0.059403661638498306,,,,0.0450204499065876,,,,,,,,,,,,,,,,,,,,,,,,,,,,,,,,,,,,,,,,,,,,,,,,,,,,,,,,,,,,,,,,,,,,,,,,,
231,,,,,0.6392374634742737,,0.10054830461740494,,,,normalize_5s_intro_XkC8Uzl9pCY.wav,,,,0.05254126340150833,0.0469098836183548,,,0.04730261117219925,,,,,,,,,,,,,,,,,,,,0.13665395975112915,,0.0966411679983139,,0.15397678315639496,,,,,,,,,,,,,,,,,,,,,,,,,,,,,,,,,,,,,,,,,,,,,,,,,,,,,,,,,,,,,,,,,,,,,,,0.10487339645624161,,,,,,,,,,,,,,,,,,,,,,,,,,,,,,,,,,,,,,,,,,,,,,,,,,,,,,,,,,,,,,0.14644408226013184
232,,,,,0.6187784671783447,,0.17050780355930328,,0.025770632550120354,,normalize_5s_intro_1CrxzClzLvs.wav,,,,,,,,,,,,,,,,,,,,,,,,,,,,,,,,,,,,,,,,,,,,,,,,,,,,,,,0.293235182762146,0.518179178237915,,,0.32263877987861633,,,,,,,,,0.018198955804109573,,,,,,,,,,,,,,,,,,,,,,,,,,,0.16373154520988464,,,,,,,,,,,,,0.27561241388320923,,,,,,,,,,,,,,,,,,,,,,,,,,,,,,,,,,,,,,0.03103465959429741,,,,,,,,,,,,,,,,,,,
233,,,,,0.7713886499404907,,0.28900739550590515,,0.04849163815379143,,normalize_5s_intro_xePw8n4xu8o.wav,,,,,,0.07395633310079575,,0.14759793877601624,,,,,,,,,0.0906834527850151,0.07022631168365479,,,,,,,,,,,,,,,,,,,,,,,,,,,,0.06118696928024292,,,,,,,,,,,,,,,0.08845894038677216,0.10152938216924667,,,,,,,,,,,,,,,,,,,,,,,,,,,,,,,,,,,,,,,,,,,,,,,,,,,,,,,,,,,,,,,,,,,,,,,,,,,,,,,,,,,,,,,,,,,,,,,,,,,,,,,
234,,,,,0.7816658616065979,,0.0934116318821907,,,,normalize_5s_intro_PALMMqZLAQk.wav,,0.16092360019683838,0.0856645256280899,,,,,,,,,,,,,,,,,0.0365959033370018,0.05268101394176483,0.03760716691613197,,,,,,,,,,,,,,,,,,,0.05662399157881737,0.04045978933572769,0.06523162126541138,,,,,,,,,,,,,,,,,,,,,,,,,,,,,,,,,,,,,,,,,,,,,,,,,,,,,,,,,,,,,,,,,,,,,,,,,,,,,,,,,,,,,,,,,,,,,,,,,,,,,,,,,,,,,,,,,,,,,,,,,,
